<?xml version="1.0" encoding="UTF-8"?>
<metadata xml:lang="en"><Esri><CreaDate>20200617</CreaDate><CreaTime>12221200</CreaTime><ArcGISFormat>1.0</ArcGISFormat><SyncOnce>FALSE</SyncOnce><DataProperties><itemProps><itemName Sync="TRUE">CentralAsia</itemName><imsContentType Sync="TRUE">002</imsContentType><itemSize Sync="TRUE">0.000</itemSize><itemLocation><linkage Sync="TRUE">file://\\DESKTOP-HI1JR2J\C$\Users\Dwight\Documents\GEOG 778\Final Project\Data\CentralAsia.shp</linkage><protocol Sync="TRUE">Local Area Network</protocol></itemLocation></itemProps><coordRef><type Sync="TRUE">Geographic</type><geogcsn Sync="TRUE">GCS_WGS_1984</geogcsn><csUnits Sync="TRUE">Angular Unit: Degree (0.017453)</csUnits><peXml Sync="TRUE">&lt;GeographicCoordinateSystem xsi:type='typens:GeographicCoordinateSystem' xmlns:xsi='http://www.w3.org/2001/XMLSchema-instance' xmlns:xs='http://www.w3.org/2001/XMLSchema' xmlns:typens='http://www.esri.com/schemas/ArcGIS/10.5'&gt;&lt;WKT&gt;GEOGCS[&amp;quot;GCS_WGS_1984&amp;quot;,DATUM[&amp;quot;D_WGS_1984&amp;quot;,SPHEROID[&amp;quot;WGS_1984&amp;quot;,6378137.0,298.257223563]],PRIMEM[&amp;quot;Greenwich&amp;quot;,0.0],UNIT[&amp;quot;Degree&amp;quot;,0.0174532925199433],AUTHORITY[&amp;quot;EPSG&amp;quot;,4326]]&lt;/WKT&gt;&lt;XOrigin&gt;-400&lt;/XOrigin&gt;&lt;YOrigin&gt;-400&lt;/YOrigin&gt;&lt;XYScale&gt;11258999068426.238&lt;/XYScale&gt;&lt;ZOrigin&gt;-100000&lt;/ZOrigin&gt;&lt;ZScale&gt;10000&lt;/ZScale&gt;&lt;MOrigin&gt;-100000&lt;/MOrigin&gt;&lt;MScale&gt;10000&lt;/MScale&gt;&lt;XYTolerance&gt;8.983152841195215e-009&lt;/XYTolerance&gt;&lt;ZTolerance&gt;0.001&lt;/ZTolerance&gt;&lt;MTolerance&gt;0.001&lt;/MTolerance&gt;&lt;HighPrecision&gt;true&lt;/HighPrecision&gt;&lt;LeftLongitude&gt;-180&lt;/LeftLongitude&gt;&lt;WKID&gt;4326&lt;/WKID&gt;&lt;LatestWKID&gt;4326&lt;/LatestWKID&gt;&lt;/GeographicCoordinateSystem&gt;</peXml></coordRef><lineage><Process ToolSource="c:\program files (x86)\arcgis\desktop10.5\ArcToolbox\Toolboxes\Data Management Tools.tbx\Merge" Date="20200617" Time="122219">Merge Uzbekistan\UZB_adm0;Turkmenistan\TKM_adm0;Tajikistan\TJK_adm0;Kyrgystan\KGZ_adm0;Kazakhstan\KAZ_adm0 "C:\Users\Dwight\Documents\GEOG 778\Final Project\Data\CentralAsia.shp" "ID_0 "ID_0" true true false 10 Long 0 10 ,First,#,Uzbekistan\UZB_adm0,ID_0,-1,-1,Turkmenistan\TKM_adm0,ID_0,-1,-1,Tajikistan\TJK_adm0,ID_0,-1,-1,Kyrgystan\KGZ_adm0,ID_0,-1,-1,Kazakhstan\KAZ_adm0,ID_0,-1,-1;ISO "ISO" true true false 3 Text 0 0 ,First,#,Uzbekistan\UZB_adm0,ISO,-1,-1,Turkmenistan\TKM_adm0,ISO,-1,-1,Tajikistan\TJK_adm0,ISO,-1,-1,Kyrgystan\KGZ_adm0,ISO,-1,-1,Kazakhstan\KAZ_adm0,ISO,-1,-1;NAME_0 "NAME_0" true true false 75 Text 0 0 ,First,#,Uzbekistan\UZB_adm0,NAME_0,-1,-1,Turkmenistan\TKM_adm0,NAME_0,-1,-1,Tajikistan\TJK_adm0,NAME_0,-1,-1,Kyrgystan\KGZ_adm0,NAME_0,-1,-1,Kazakhstan\KAZ_adm0,NAME_0,-1,-1;OBJECTID_1 "OBJECTID_1" true true false 10 Long 0 10 ,First,#,Uzbekistan\UZB_adm0,OBJECTID_1,-1,-1,Turkmenistan\TKM_adm0,OBJECTID_1,-1,-1,Tajikistan\TJK_adm0,OBJECTID_1,-1,-1,Kyrgystan\KGZ_adm0,OBJECTID_1,-1,-1,Kazakhstan\KAZ_adm0,OBJECTID_1,-1,-1;ISO3 "ISO3" true true false 5 Text 0 0 ,First,#,Uzbekistan\UZB_adm0,ISO3,-1,-1,Turkmenistan\TKM_adm0,ISO3,-1,-1,Tajikistan\TJK_adm0,ISO3,-1,-1,Kyrgystan\KGZ_adm0,ISO3,-1,-1,Kazakhstan\KAZ_adm0,ISO3,-1,-1;NAME_ENGLI "NAME_ENGLI" true true false 50 Text 0 0 ,First,#,Uzbekistan\UZB_adm0,NAME_ENGLI,-1,-1,Turkmenistan\TKM_adm0,NAME_ENGLI,-1,-1,Tajikistan\TJK_adm0,NAME_ENGLI,-1,-1,Kyrgystan\KGZ_adm0,NAME_ENGLI,-1,-1,Kazakhstan\KAZ_adm0,NAME_ENGLI,-1,-1;NAME_ISO "NAME_ISO" true true false 54 Text 0 0 ,First,#,Uzbekistan\UZB_adm0,NAME_ISO,-1,-1,Turkmenistan\TKM_adm0,NAME_ISO,-1,-1,Tajikistan\TJK_adm0,NAME_ISO,-1,-1,Kyrgystan\KGZ_adm0,NAME_ISO,-1,-1,Kazakhstan\KAZ_adm0,NAME_ISO,-1,-1;NAME_FAO "NAME_FAO" true true false 50 Text 0 0 ,First,#,Uzbekistan\UZB_adm0,NAME_FAO,-1,-1,Turkmenistan\TKM_adm0,NAME_FAO,-1,-1,Tajikistan\TJK_adm0,NAME_FAO,-1,-1,Kyrgystan\KGZ_adm0,NAME_FAO,-1,-1,Kazakhstan\KAZ_adm0,NAME_FAO,-1,-1;NAME_LOCAL "NAME_LOCAL" true true false 54 Text 0 0 ,First,#,Uzbekistan\UZB_adm0,NAME_LOCAL,-1,-1,Turkmenistan\TKM_adm0,NAME_LOCAL,-1,-1,Tajikistan\TJK_adm0,NAME_LOCAL,-1,-1,Kyrgystan\KGZ_adm0,NAME_LOCAL,-1,-1,Kazakhstan\KAZ_adm0,NAME_LOCAL,-1,-1;NAME_OBSOL "NAME_OBSOL" true true false 150 Text 0 0 ,First,#,Uzbekistan\UZB_adm0,NAME_OBSOL,-1,-1,Turkmenistan\TKM_adm0,NAME_OBSOL,-1,-1,Tajikistan\TJK_adm0,NAME_OBSOL,-1,-1,Kyrgystan\KGZ_adm0,NAME_OBSOL,-1,-1,Kazakhstan\KAZ_adm0,NAME_OBSOL,-1,-1;NAME_VARIA "NAME_VARIA" true true false 160 Text 0 0 ,First,#,Uzbekistan\UZB_adm0,NAME_VARIA,-1,-1,Turkmenistan\TKM_adm0,NAME_VARIA,-1,-1,Tajikistan\TJK_adm0,NAME_VARIA,-1,-1,Kyrgystan\KGZ_adm0,NAME_VARIA,-1,-1,Kazakhstan\KAZ_adm0,NAME_VARIA,-1,-1;NAME_NONLA "NAME_NONLA" true true false 50 Text 0 0 ,First,#,Uzbekistan\UZB_adm0,NAME_NONLA,-1,-1,Turkmenistan\TKM_adm0,NAME_NONLA,-1,-1,Tajikistan\TJK_adm0,NAME_NONLA,-1,-1,Kyrgystan\KGZ_adm0,NAME_NONLA,-1,-1,Kazakhstan\KAZ_adm0,NAME_NONLA,-1,-1;NAME_FRENC "NAME_FRENC" true true false 50 Text 0 0 ,First,#,Uzbekistan\UZB_adm0,NAME_FRENC,-1,-1,Turkmenistan\TKM_adm0,NAME_FRENC,-1,-1,Tajikistan\TJK_adm0,NAME_FRENC,-1,-1,Kyrgystan\KGZ_adm0,NAME_FRENC,-1,-1,Kazakhstan\KAZ_adm0,NAME_FRENC,-1,-1;NAME_SPANI "NAME_SPANI" true true false 50 Text 0 0 ,First,#,Uzbekistan\UZB_adm0,NAME_SPANI,-1,-1,Turkmenistan\TKM_adm0,NAME_SPANI,-1,-1,Tajikistan\TJK_adm0,NAME_SPANI,-1,-1,Kyrgystan\KGZ_adm0,NAME_SPANI,-1,-1,Kazakhstan\KAZ_adm0,NAME_SPANI,-1,-1;NAME_RUSSI "NAME_RUSSI" true true false 50 Text 0 0 ,First,#,Uzbekistan\UZB_adm0,NAME_RUSSI,-1,-1,Turkmenistan\TKM_adm0,NAME_RUSSI,-1,-1,Tajikistan\TJK_adm0,NAME_RUSSI,-1,-1,Kyrgystan\KGZ_adm0,NAME_RUSSI,-1,-1,Kazakhstan\KAZ_adm0,NAME_RUSSI,-1,-1;NAME_ARABI "NAME_ARABI" true true false 50 Text 0 0 ,First,#,Uzbekistan\UZB_adm0,NAME_ARABI,-1,-1,Turkmenistan\TKM_adm0,NAME_ARABI,-1,-1,Tajikistan\TJK_adm0,NAME_ARABI,-1,-1,Kyrgystan\KGZ_adm0,NAME_ARABI,-1,-1,Kazakhstan\KAZ_adm0,NAME_ARABI,-1,-1;NAME_CHINE "NAME_CHINE" true true false 50 Text 0 0 ,First,#,Uzbekistan\UZB_adm0,NAME_CHINE,-1,-1,Turkmenistan\TKM_adm0,NAME_CHINE,-1,-1,Tajikistan\TJK_adm0,NAME_CHINE,-1,-1,Kyrgystan\KGZ_adm0,NAME_CHINE,-1,-1,Kazakhstan\KAZ_adm0,NAME_CHINE,-1,-1;WASPARTOF "WASPARTOF" true true false 100 Text 0 0 ,First,#,Uzbekistan\UZB_adm0,WASPARTOF,-1,-1,Turkmenistan\TKM_adm0,WASPARTOF,-1,-1,Tajikistan\TJK_adm0,WASPARTOF,-1,-1,Kyrgystan\KGZ_adm0,WASPARTOF,-1,-1,Kazakhstan\KAZ_adm0,WASPARTOF,-1,-1;CONTAINS "CONTAINS" true true false 50 Text 0 0 ,First,#,Uzbekistan\UZB_adm0,CONTAINS,-1,-1,Turkmenistan\TKM_adm0,CONTAINS,-1,-1,Tajikistan\TJK_adm0,CONTAINS,-1,-1,Kyrgystan\KGZ_adm0,CONTAINS,-1,-1,Kazakhstan\KAZ_adm0,CONTAINS,-1,-1;SOVEREIGN "SOVEREIGN" true true false 40 Text 0 0 ,First,#,Uzbekistan\UZB_adm0,SOVEREIGN,-1,-1,Turkmenistan\TKM_adm0,SOVEREIGN,-1,-1,Tajikistan\TJK_adm0,SOVEREIGN,-1,-1,Kyrgystan\KGZ_adm0,SOVEREIGN,-1,-1,Kazakhstan\KAZ_adm0,SOVEREIGN,-1,-1;ISO2 "ISO2" true true false 4 Text 0 0 ,First,#,Uzbekistan\UZB_adm0,ISO2,-1,-1,Turkmenistan\TKM_adm0,ISO2,-1,-1,Tajikistan\TJK_adm0,ISO2,-1,-1,Kyrgystan\KGZ_adm0,ISO2,-1,-1,Kazakhstan\KAZ_adm0,ISO2,-1,-1;WWW "WWW" true true false 2 Text 0 0 ,First,#,Uzbekistan\UZB_adm0,WWW,-1,-1,Turkmenistan\TKM_adm0,WWW,-1,-1,Tajikistan\TJK_adm0,WWW,-1,-1,Kyrgystan\KGZ_adm0,WWW,-1,-1,Kazakhstan\KAZ_adm0,WWW,-1,-1;FIPS "FIPS" true true false 6 Text 0 0 ,First,#,Uzbekistan\UZB_adm0,FIPS,-1,-1,Turkmenistan\TKM_adm0,FIPS,-1,-1,Tajikistan\TJK_adm0,FIPS,-1,-1,Kyrgystan\KGZ_adm0,FIPS,-1,-1,Kazakhstan\KAZ_adm0,FIPS,-1,-1;ISON "ISON" true true false 19 Double 0 0 ,First,#,Uzbekistan\UZB_adm0,ISON,-1,-1,Turkmenistan\TKM_adm0,ISON,-1,-1,Tajikistan\TJK_adm0,ISON,-1,-1,Kyrgystan\KGZ_adm0,ISON,-1,-1,Kazakhstan\KAZ_adm0,ISON,-1,-1;VALIDFR "VALIDFR" true true false 12 Text 0 0 ,First,#,Uzbekistan\UZB_adm0,VALIDFR,-1,-1,Turkmenistan\TKM_adm0,VALIDFR,-1,-1,Tajikistan\TJK_adm0,VALIDFR,-1,-1,Kyrgystan\KGZ_adm0,VALIDFR,-1,-1,Kazakhstan\KAZ_adm0,VALIDFR,-1,-1;VALIDTO "VALIDTO" true true false 10 Text 0 0 ,First,#,Uzbekistan\UZB_adm0,VALIDTO,-1,-1,Turkmenistan\TKM_adm0,VALIDTO,-1,-1,Tajikistan\TJK_adm0,VALIDTO,-1,-1,Kyrgystan\KGZ_adm0,VALIDTO,-1,-1,Kazakhstan\KAZ_adm0,VALIDTO,-1,-1;POP2000 "POP2000" true true false 19 Double 0 0 ,First,#,Uzbekistan\UZB_adm0,POP2000,-1,-1,Turkmenistan\TKM_adm0,POP2000,-1,-1,Tajikistan\TJK_adm0,POP2000,-1,-1,Kyrgystan\KGZ_adm0,POP2000,-1,-1,Kazakhstan\KAZ_adm0,POP2000,-1,-1;SQKM "SQKM" true true false 19 Double 0 0 ,First,#,Uzbekistan\UZB_adm0,SQKM,-1,-1,Turkmenistan\TKM_adm0,SQKM,-1,-1,Tajikistan\TJK_adm0,SQKM,-1,-1,Kyrgystan\KGZ_adm0,SQKM,-1,-1,Kazakhstan\KAZ_adm0,SQKM,-1,-1;POPSQKM "POPSQKM" true true false 19 Double 0 0 ,First,#,Uzbekistan\UZB_adm0,POPSQKM,-1,-1,Turkmenistan\TKM_adm0,POPSQKM,-1,-1,Tajikistan\TJK_adm0,POPSQKM,-1,-1,Kyrgystan\KGZ_adm0,POPSQKM,-1,-1,Kazakhstan\KAZ_adm0,POPSQKM,-1,-1;UNREGION1 "UNREGION1" true true false 254 Text 0 0 ,First,#,Uzbekistan\UZB_adm0,UNREGION1,-1,-1,Turkmenistan\TKM_adm0,UNREGION1,-1,-1,Tajikistan\TJK_adm0,UNREGION1,-1,-1,Kyrgystan\KGZ_adm0,UNREGION1,-1,-1,Kazakhstan\KAZ_adm0,UNREGION1,-1,-1;UNREGION2 "UNREGION2" true true false 254 Text 0 0 ,First,#,Uzbekistan\UZB_adm0,UNREGION2,-1,-1,Turkmenistan\TKM_adm0,UNREGION2,-1,-1,Tajikistan\TJK_adm0,UNREGION2,-1,-1,Kyrgystan\KGZ_adm0,UNREGION2,-1,-1,Kazakhstan\KAZ_adm0,UNREGION2,-1,-1;DEVELOPING "DEVELOPING" true true false 19 Double 0 0 ,First,#,Uzbekistan\UZB_adm0,DEVELOPING,-1,-1,Turkmenistan\TKM_adm0,DEVELOPING,-1,-1,Tajikistan\TJK_adm0,DEVELOPING,-1,-1,Kyrgystan\KGZ_adm0,DEVELOPING,-1,-1,Kazakhstan\KAZ_adm0,DEVELOPING,-1,-1;CIS "CIS" true true false 19 Double 0 0 ,First,#,Uzbekistan\UZB_adm0,CIS,-1,-1,Turkmenistan\TKM_adm0,CIS,-1,-1,Tajikistan\TJK_adm0,CIS,-1,-1,Kyrgystan\KGZ_adm0,CIS,-1,-1,Kazakhstan\KAZ_adm0,CIS,-1,-1;Transition "Transition" true true false 19 Double 0 0 ,First,#,Uzbekistan\UZB_adm0,Transition,-1,-1,Turkmenistan\TKM_adm0,Transition,-1,-1,Tajikistan\TJK_adm0,Transition,-1,-1,Kyrgystan\KGZ_adm0,Transition,-1,-1,Kazakhstan\KAZ_adm0,Transition,-1,-1;OECD "OECD" true true false 19 Double 0 0 ,First,#,Uzbekistan\UZB_adm0,OECD,-1,-1,Turkmenistan\TKM_adm0,OECD,-1,-1,Tajikistan\TJK_adm0,OECD,-1,-1,Kyrgystan\KGZ_adm0,OECD,-1,-1,Kazakhstan\KAZ_adm0,OECD,-1,-1;WBREGION "WBREGION" true true false 254 Text 0 0 ,First,#,Uzbekistan\UZB_adm0,WBREGION,-1,-1,Turkmenistan\TKM_adm0,WBREGION,-1,-1,Tajikistan\TJK_adm0,WBREGION,-1,-1,Kyrgystan\KGZ_adm0,WBREGION,-1,-1,Kazakhstan\KAZ_adm0,WBREGION,-1,-1;WBINCOME "WBINCOME" true true false 254 Text 0 0 ,First,#,Uzbekistan\UZB_adm0,WBINCOME,-1,-1,Turkmenistan\TKM_adm0,WBINCOME,-1,-1,Tajikistan\TJK_adm0,WBINCOME,-1,-1,Kyrgystan\KGZ_adm0,WBINCOME,-1,-1,Kazakhstan\KAZ_adm0,WBINCOME,-1,-1;WBDEBT "WBDEBT" true true false 254 Text 0 0 ,First,#,Uzbekistan\UZB_adm0,WBDEBT,-1,-1,Turkmenistan\TKM_adm0,WBDEBT,-1,-1,Tajikistan\TJK_adm0,WBDEBT,-1,-1,Kyrgystan\KGZ_adm0,WBDEBT,-1,-1,Kazakhstan\KAZ_adm0,WBDEBT,-1,-1;WBOTHER "WBOTHER" true true false 254 Text 0 0 ,First,#,Uzbekistan\UZB_adm0,WBOTHER,-1,-1,Turkmenistan\TKM_adm0,WBOTHER,-1,-1,Tajikistan\TJK_adm0,WBOTHER,-1,-1,Kyrgystan\KGZ_adm0,WBOTHER,-1,-1,Kazakhstan\KAZ_adm0,WBOTHER,-1,-1;CEEAC "CEEAC" true true false 19 Double 0 0 ,First,#,Uzbekistan\UZB_adm0,CEEAC,-1,-1,Turkmenistan\TKM_adm0,CEEAC,-1,-1,Tajikistan\TJK_adm0,CEEAC,-1,-1,Kyrgystan\KGZ_adm0,CEEAC,-1,-1,Kazakhstan\KAZ_adm0,CEEAC,-1,-1;CEMAC "CEMAC" true true false 19 Double 0 0 ,First,#,Uzbekistan\UZB_adm0,CEMAC,-1,-1,Turkmenistan\TKM_adm0,CEMAC,-1,-1,Tajikistan\TJK_adm0,CEMAC,-1,-1,Kyrgystan\KGZ_adm0,CEMAC,-1,-1,Kazakhstan\KAZ_adm0,CEMAC,-1,-1;CEPLG "CEPLG" true true false 19 Double 0 0 ,First,#,Uzbekistan\UZB_adm0,CEPLG,-1,-1,Turkmenistan\TKM_adm0,CEPLG,-1,-1,Tajikistan\TJK_adm0,CEPLG,-1,-1,Kyrgystan\KGZ_adm0,CEPLG,-1,-1,Kazakhstan\KAZ_adm0,CEPLG,-1,-1;COMESA "COMESA" true true false 19 Double 0 0 ,First,#,Uzbekistan\UZB_adm0,COMESA,-1,-1,Turkmenistan\TKM_adm0,COMESA,-1,-1,Tajikistan\TJK_adm0,COMESA,-1,-1,Kyrgystan\KGZ_adm0,COMESA,-1,-1,Kazakhstan\KAZ_adm0,COMESA,-1,-1;EAC "EAC" true true false 19 Double 0 0 ,First,#,Uzbekistan\UZB_adm0,EAC,-1,-1,Turkmenistan\TKM_adm0,EAC,-1,-1,Tajikistan\TJK_adm0,EAC,-1,-1,Kyrgystan\KGZ_adm0,EAC,-1,-1,Kazakhstan\KAZ_adm0,EAC,-1,-1;ECOWAS "ECOWAS" true true false 19 Double 0 0 ,First,#,Uzbekistan\UZB_adm0,ECOWAS,-1,-1,Turkmenistan\TKM_adm0,ECOWAS,-1,-1,Tajikistan\TJK_adm0,ECOWAS,-1,-1,Kyrgystan\KGZ_adm0,ECOWAS,-1,-1,Kazakhstan\KAZ_adm0,ECOWAS,-1,-1;IGAD "IGAD" true true false 19 Double 0 0 ,First,#,Uzbekistan\UZB_adm0,IGAD,-1,-1,Turkmenistan\TKM_adm0,IGAD,-1,-1,Tajikistan\TJK_adm0,IGAD,-1,-1,Kyrgystan\KGZ_adm0,IGAD,-1,-1,Kazakhstan\KAZ_adm0,IGAD,-1,-1;IOC "IOC" true true false 19 Double 0 0 ,First,#,Uzbekistan\UZB_adm0,IOC,-1,-1,Turkmenistan\TKM_adm0,IOC,-1,-1,Tajikistan\TJK_adm0,IOC,-1,-1,Kyrgystan\KGZ_adm0,IOC,-1,-1,Kazakhstan\KAZ_adm0,IOC,-1,-1;MRU "MRU" true true false 19 Double 0 0 ,First,#,Uzbekistan\UZB_adm0,MRU,-1,-1,Turkmenistan\TKM_adm0,MRU,-1,-1,Tajikistan\TJK_adm0,MRU,-1,-1,Kyrgystan\KGZ_adm0,MRU,-1,-1,Kazakhstan\KAZ_adm0,MRU,-1,-1;SACU "SACU" true true false 19 Double 0 0 ,First,#,Uzbekistan\UZB_adm0,SACU,-1,-1,Turkmenistan\TKM_adm0,SACU,-1,-1,Tajikistan\TJK_adm0,SACU,-1,-1,Kyrgystan\KGZ_adm0,SACU,-1,-1,Kazakhstan\KAZ_adm0,SACU,-1,-1;UEMOA "UEMOA" true true false 19 Double 0 0 ,First,#,Uzbekistan\UZB_adm0,UEMOA,-1,-1,Turkmenistan\TKM_adm0,UEMOA,-1,-1,Tajikistan\TJK_adm0,UEMOA,-1,-1,Kyrgystan\KGZ_adm0,UEMOA,-1,-1,Kazakhstan\KAZ_adm0,UEMOA,-1,-1;UMA "UMA" true true false 19 Double 0 0 ,First,#,Uzbekistan\UZB_adm0,UMA,-1,-1,Turkmenistan\TKM_adm0,UMA,-1,-1,Tajikistan\TJK_adm0,UMA,-1,-1,Kyrgystan\KGZ_adm0,UMA,-1,-1,Kazakhstan\KAZ_adm0,UMA,-1,-1;PALOP "PALOP" true true false 19 Double 0 0 ,First,#,Uzbekistan\UZB_adm0,PALOP,-1,-1,Turkmenistan\TKM_adm0,PALOP,-1,-1,Tajikistan\TJK_adm0,PALOP,-1,-1,Kyrgystan\KGZ_adm0,PALOP,-1,-1,Kazakhstan\KAZ_adm0,PALOP,-1,-1;PARTA "PARTA" true true false 19 Double 0 0 ,First,#,Uzbekistan\UZB_adm0,PARTA,-1,-1,Turkmenistan\TKM_adm0,PARTA,-1,-1,Tajikistan\TJK_adm0,PARTA,-1,-1,Kyrgystan\KGZ_adm0,PARTA,-1,-1,Kazakhstan\KAZ_adm0,PARTA,-1,-1;CACM "CACM" true true false 19 Double 0 0 ,First,#,Uzbekistan\UZB_adm0,CACM,-1,-1,Turkmenistan\TKM_adm0,CACM,-1,-1,Tajikistan\TJK_adm0,CACM,-1,-1,Kyrgystan\KGZ_adm0,CACM,-1,-1,Kazakhstan\KAZ_adm0,CACM,-1,-1;EurAsEC "EurAsEC" true true false 19 Double 0 0 ,First,#,Uzbekistan\UZB_adm0,EurAsEC,-1,-1,Turkmenistan\TKM_adm0,EurAsEC,-1,-1,Tajikistan\TJK_adm0,EurAsEC,-1,-1,Kyrgystan\KGZ_adm0,EurAsEC,-1,-1,Kazakhstan\KAZ_adm0,EurAsEC,-1,-1;Agadir "Agadir" true true false 19 Double 0 0 ,First,#,Uzbekistan\UZB_adm0,Agadir,-1,-1,Turkmenistan\TKM_adm0,Agadir,-1,-1,Tajikistan\TJK_adm0,Agadir,-1,-1,Kyrgystan\KGZ_adm0,Agadir,-1,-1,Kazakhstan\KAZ_adm0,Agadir,-1,-1;SAARC "SAARC" true true false 19 Double 0 0 ,First,#,Uzbekistan\UZB_adm0,SAARC,-1,-1,Turkmenistan\TKM_adm0,SAARC,-1,-1,Tajikistan\TJK_adm0,SAARC,-1,-1,Kyrgystan\KGZ_adm0,SAARC,-1,-1,Kazakhstan\KAZ_adm0,SAARC,-1,-1;ASEAN "ASEAN" true true false 19 Double 0 0 ,First,#,Uzbekistan\UZB_adm0,ASEAN,-1,-1,Turkmenistan\TKM_adm0,ASEAN,-1,-1,Tajikistan\TJK_adm0,ASEAN,-1,-1,Kyrgystan\KGZ_adm0,ASEAN,-1,-1,Kazakhstan\KAZ_adm0,ASEAN,-1,-1;NAFTA "NAFTA" true true false 19 Double 0 0 ,First,#,Uzbekistan\UZB_adm0,NAFTA,-1,-1,Turkmenistan\TKM_adm0,NAFTA,-1,-1,Tajikistan\TJK_adm0,NAFTA,-1,-1,Kyrgystan\KGZ_adm0,NAFTA,-1,-1,Kazakhstan\KAZ_adm0,NAFTA,-1,-1;GCC "GCC" true true false 19 Double 0 0 ,First,#,Uzbekistan\UZB_adm0,GCC,-1,-1,Turkmenistan\TKM_adm0,GCC,-1,-1,Tajikistan\TJK_adm0,GCC,-1,-1,Kyrgystan\KGZ_adm0,GCC,-1,-1,Kazakhstan\KAZ_adm0,GCC,-1,-1;CSN "CSN" true true false 19 Double 0 0 ,First,#,Uzbekistan\UZB_adm0,CSN,-1,-1,Turkmenistan\TKM_adm0,CSN,-1,-1,Tajikistan\TJK_adm0,CSN,-1,-1,Kyrgystan\KGZ_adm0,CSN,-1,-1,Kazakhstan\KAZ_adm0,CSN,-1,-1;CARICOM "CARICOM" true true false 19 Double 0 0 ,First,#,Uzbekistan\UZB_adm0,CARICOM,-1,-1,Turkmenistan\TKM_adm0,CARICOM,-1,-1,Tajikistan\TJK_adm0,CARICOM,-1,-1,Kyrgystan\KGZ_adm0,CARICOM,-1,-1,Kazakhstan\KAZ_adm0,CARICOM,-1,-1;EU "EU" true true false 19 Double 0 0 ,First,#,Uzbekistan\UZB_adm0,EU,-1,-1,Turkmenistan\TKM_adm0,EU,-1,-1,Tajikistan\TJK_adm0,EU,-1,-1,Kyrgystan\KGZ_adm0,EU,-1,-1,Kazakhstan\KAZ_adm0,EU,-1,-1;CAN "CAN" true true false 19 Double 0 0 ,First,#,Uzbekistan\UZB_adm0,CAN,-1,-1,Turkmenistan\TKM_adm0,CAN,-1,-1,Tajikistan\TJK_adm0,CAN,-1,-1,Kyrgystan\KGZ_adm0,CAN,-1,-1,Kazakhstan\KAZ_adm0,CAN,-1,-1;ACP "ACP" true true false 19 Double 0 0 ,First,#,Uzbekistan\UZB_adm0,ACP,-1,-1,Turkmenistan\TKM_adm0,ACP,-1,-1,Tajikistan\TJK_adm0,ACP,-1,-1,Kyrgystan\KGZ_adm0,ACP,-1,-1,Kazakhstan\KAZ_adm0,ACP,-1,-1;Landlocked "Landlocked" true true false 19 Double 0 0 ,First,#,Uzbekistan\UZB_adm0,Landlocked,-1,-1,Turkmenistan\TKM_adm0,Landlocked,-1,-1,Tajikistan\TJK_adm0,Landlocked,-1,-1,Kyrgystan\KGZ_adm0,Landlocked,-1,-1,Kazakhstan\KAZ_adm0,Landlocked,-1,-1;AOSIS "AOSIS" true true false 19 Double 0 0 ,First,#,Uzbekistan\UZB_adm0,AOSIS,-1,-1,Turkmenistan\TKM_adm0,AOSIS,-1,-1,Tajikistan\TJK_adm0,AOSIS,-1,-1,Kyrgystan\KGZ_adm0,AOSIS,-1,-1,Kazakhstan\KAZ_adm0,AOSIS,-1,-1;SIDS "SIDS" true true false 19 Double 0 0 ,First,#,Uzbekistan\UZB_adm0,SIDS,-1,-1,Turkmenistan\TKM_adm0,SIDS,-1,-1,Tajikistan\TJK_adm0,SIDS,-1,-1,Kyrgystan\KGZ_adm0,SIDS,-1,-1,Kazakhstan\KAZ_adm0,SIDS,-1,-1;Islands "Islands" true true false 19 Double 0 0 ,First,#,Uzbekistan\UZB_adm0,Islands,-1,-1,Turkmenistan\TKM_adm0,Islands,-1,-1,Tajikistan\TJK_adm0,Islands,-1,-1,Kyrgystan\KGZ_adm0,Islands,-1,-1,Kazakhstan\KAZ_adm0,Islands,-1,-1;LDC "LDC" true true false 19 Double 0 0 ,First,#,Uzbekistan\UZB_adm0,LDC,-1,-1,Turkmenistan\TKM_adm0,LDC,-1,-1,Tajikistan\TJK_adm0,LDC,-1,-1,Kyrgystan\KGZ_adm0,LDC,-1,-1,Kazakhstan\KAZ_adm0,LDC,-1,-1"</Process></lineage></DataProperties><SyncDate>20200617</SyncDate><SyncTime>12221200</SyncTime><ModDate>20200617</ModDate><ModTime>12221200</ModTime></Esri><dataIdInfo><envirDesc Sync="TRUE"> Version 6.2 (Build 9200) ; Esri ArcGIS 10.5.1.7333</envirDesc><dataLang><languageCode value="eng" Sync="TRUE"></languageCode><countryCode value="USA" Sync="TRUE"></countryCode></dataLang><idCitation><resTitle Sync="TRUE">CentralAsia</resTitle><presForm><PresFormCd value="005" Sync="TRUE"></PresFormCd></presForm></idCitation><spatRpType><SpatRepTypCd value="001" Sync="TRUE"></SpatRepTypCd></spatRpType></dataIdInfo><mdLang><languageCode value="eng" Sync="TRUE"></languageCode><countryCode value="USA" Sync="TRUE"></countryCode></mdLang><mdChar><CharSetCd value="004" Sync="TRUE"></CharSetCd></mdChar><distInfo><distFormat><formatName Sync="TRUE">Shapefile</formatName></distFormat><distTranOps><transSize Sync="TRUE">0.000</transSize></distTranOps></distInfo><mdHrLv><ScopeCd value="005" Sync="TRUE"></ScopeCd></mdHrLv><mdHrLvName Sync="TRUE">dataset</mdHrLvName><refSysInfo><RefSystem><refSysID><identCode code="4326" Sync="TRUE"></identCode><idCodeSpace Sync="TRUE">EPSG</idCodeSpace><idVersion Sync="TRUE">6.14(3.0.1)</idVersion></refSysID></RefSystem></refSysInfo><spatRepInfo><VectSpatRep><geometObjs Name="CentralAsia"><geoObjTyp><GeoObjTypCd value="002" Sync="TRUE"></GeoObjTypCd></geoObjTyp><geoObjCnt Sync="TRUE">0</geoObjCnt></geometObjs><topLvl><TopoLevCd value="001" Sync="TRUE"></TopoLevCd></topLvl></VectSpatRep></spatRepInfo><spdoinfo><ptvctinf><esriterm Name="CentralAsia"><efeatyp Sync="TRUE">Simple</efeatyp><efeageom code="4" Sync="TRUE"></efeageom><esritopo Sync="TRUE">FALSE</esritopo><efeacnt Sync="TRUE">0</efeacnt><spindex Sync="TRUE">FALSE</spindex><linrefer Sync="TRUE">FALSE</linrefer></esriterm></ptvctinf></spdoinfo><eainfo><detailed Name="CentralAsia"><enttyp><enttypl Sync="TRUE">CentralAsia</enttypl><enttypt Sync="TRUE">Feature Class</enttypt><enttypc Sync="TRUE">0</enttypc></enttyp><attr><attrlabl Sync="TRUE">FID</attrlabl><attalias Sync="TRUE">FID</attalias><attrtype Sync="TRUE">OID</attrtype><attwidth Sync="TRUE">4</attwidth><atprecis Sync="TRUE">0</atprecis><attscale Sync="TRUE">0</attscale><attrdef Sync="TRUE">Internal feature number.</attrdef><attrdefs Sync="TRUE">Esri</attrdefs><attrdomv><udom Sync="TRUE">Sequential unique whole numbers that are automatically generated.</udom></attrdomv></attr><attr><attrlabl Sync="TRUE">Shape</attrlabl><attalias Sync="TRUE">Shape</attalias><attrtype Sync="TRUE">Geometry</attrtype><attwidth Sync="TRUE">0</attwidth><atprecis Sync="TRUE">0</atprecis><attscale Sync="TRUE">0</attscale><attrdef Sync="TRUE">Feature geometry.</attrdef><attrdefs Sync="TRUE">Esri</attrdefs><attrdomv><udom Sync="TRUE">Coordinates defining the features.</udom></attrdomv></attr><attr><attrlabl Sync="TRUE">ID_0</attrlabl><attalias Sync="TRUE">ID_0</attalias><attrtype Sync="TRUE">Integer</attrtype><attwidth Sync="TRUE">10</attwidth><atprecis Sync="TRUE">10</atprecis><attscale Sync="TRUE">0</attscale></attr><attr><attrlabl Sync="TRUE">ISO</attrlabl><attalias Sync="TRUE">ISO</attalias><attrtype Sync="TRUE">String</attrtype><attwidth Sync="TRUE">3</attwidth><atprecis Sync="TRUE">0</atprecis><attscale Sync="TRUE">0</attscale></attr><attr><attrlabl Sync="TRUE">NAME_0</attrlabl><attalias Sync="TRUE">NAME_0</attalias><attrtype Sync="TRUE">String</attrtype><attwidth Sync="TRUE">75</attwidth><atprecis Sync="TRUE">0</atprecis><attscale Sync="TRUE">0</attscale></attr><attr><attrlabl Sync="TRUE">OBJECTID_1</attrlabl><attalias Sync="TRUE">OBJECTID_1</attalias><attrtype Sync="TRUE">Integer</attrtype><attwidth Sync="TRUE">10</attwidth><atprecis Sync="TRUE">10</atprecis><attscale Sync="TRUE">0</attscale></attr><attr><attrlabl Sync="TRUE">ISO3</attrlabl><attalias Sync="TRUE">ISO3</attalias><attrtype Sync="TRUE">String</attrtype><attwidth Sync="TRUE">5</attwidth><atprecis Sync="TRUE">0</atprecis><attscale Sync="TRUE">0</attscale></attr><attr><attrlabl Sync="TRUE">NAME_ENGLI</attrlabl><attalias Sync="TRUE">NAME_ENGLI</attalias><attrtype Sync="TRUE">String</attrtype><attwidth Sync="TRUE">50</attwidth><atprecis Sync="TRUE">0</atprecis><attscale Sync="TRUE">0</attscale></attr><attr><attrlabl Sync="TRUE">NAME_ISO</attrlabl><attalias Sync="TRUE">NAME_ISO</attalias><attrtype Sync="TRUE">String</attrtype><attwidth Sync="TRUE">54</attwidth><atprecis Sync="TRUE">0</atprecis><attscale Sync="TRUE">0</attscale></attr><attr><attrlabl Sync="TRUE">NAME_FAO</attrlabl><attalias Sync="TRUE">NAME_FAO</attalias><attrtype Sync="TRUE">String</attrtype><attwidth Sync="TRUE">50</attwidth><atprecis Sync="TRUE">0</atprecis><attscale Sync="TRUE">0</attscale></attr><attr><attrlabl Sync="TRUE">NAME_LOCAL</attrlabl><attalias Sync="TRUE">NAME_LOCAL</attalias><attrtype Sync="TRUE">String</attrtype><attwidth Sync="TRUE">54</attwidth><atprecis Sync="TRUE">0</atprecis><attscale Sync="TRUE">0</attscale></attr><attr><attrlabl Sync="TRUE">NAME_OBSOL</attrlabl><attalias Sync="TRUE">NAME_OBSOL</attalias><attrtype Sync="TRUE">String</attrtype><attwidth Sync="TRUE">150</attwidth><atprecis Sync="TRUE">0</atprecis><attscale Sync="TRUE">0</attscale></attr><attr><attrlabl Sync="TRUE">NAME_VARIA</attrlabl><attalias Sync="TRUE">NAME_VARIA</attalias><attrtype Sync="TRUE">String</attrtype><attwidth Sync="TRUE">160</attwidth><atprecis Sync="TRUE">0</atprecis><attscale Sync="TRUE">0</attscale></attr><attr><attrlabl Sync="TRUE">NAME_NONLA</attrlabl><attalias Sync="TRUE">NAME_NONLA</attalias><attrtype Sync="TRUE">String</attrtype><attwidth Sync="TRUE">50</attwidth><atprecis Sync="TRUE">0</atprecis><attscale Sync="TRUE">0</attscale></attr><attr><attrlabl Sync="TRUE">NAME_FRENC</attrlabl><attalias Sync="TRUE">NAME_FRENC</attalias><attrtype Sync="TRUE">String</attrtype><attwidth Sync="TRUE">50</attwidth><atprecis Sync="TRUE">0</atprecis><attscale Sync="TRUE">0</attscale></attr><attr><attrlabl Sync="TRUE">NAME_SPANI</attrlabl><attalias Sync="TRUE">NAME_SPANI</attalias><attrtype Sync="TRUE">String</attrtype><attwidth Sync="TRUE">50</attwidth><atprecis Sync="TRUE">0</atprecis><attscale Sync="TRUE">0</attscale></attr><attr><attrlabl Sync="TRUE">NAME_RUSSI</attrlabl><attalias Sync="TRUE">NAME_RUSSI</attalias><attrtype Sync="TRUE">String</attrtype><attwidth Sync="TRUE">50</attwidth><atprecis Sync="TRUE">0</atprecis><attscale Sync="TRUE">0</attscale></attr><attr><attrlabl Sync="TRUE">NAME_ARABI</attrlabl><attalias Sync="TRUE">NAME_ARABI</attalias><attrtype Sync="TRUE">String</attrtype><attwidth Sync="TRUE">50</attwidth><atprecis Sync="TRUE">0</atprecis><attscale Sync="TRUE">0</attscale></attr><attr><attrlabl Sync="TRUE">NAME_CHINE</attrlabl><attalias Sync="TRUE">NAME_CHINE</attalias><attrtype Sync="TRUE">String</attrtype><attwidth Sync="TRUE">50</attwidth><atprecis Sync="TRUE">0</atprecis><attscale Sync="TRUE">0</attscale></attr><attr><attrlabl Sync="TRUE">WASPARTOF</attrlabl><attalias Sync="TRUE">WASPARTOF</attalias><attrtype Sync="TRUE">String</attrtype><attwidth Sync="TRUE">100</attwidth><atprecis Sync="TRUE">0</atprecis><attscale Sync="TRUE">0</attscale></attr><attr><attrlabl Sync="TRUE">CONTAINS</attrlabl><attalias Sync="TRUE">CONTAINS</attalias><attrtype Sync="TRUE">String</attrtype><attwidth Sync="TRUE">50</attwidth><atprecis Sync="TRUE">0</atprecis><attscale Sync="TRUE">0</attscale></attr><attr><attrlabl Sync="TRUE">SOVEREIGN</attrlabl><attalias Sync="TRUE">SOVEREIGN</attalias><attrtype Sync="TRUE">String</attrtype><attwidth Sync="TRUE">40</attwidth><atprecis Sync="TRUE">0</atprecis><attscale Sync="TRUE">0</attscale></attr><attr><attrlabl Sync="TRUE">ISO2</attrlabl><attalias Sync="TRUE">ISO2</attalias><attrtype Sync="TRUE">String</attrtype><attwidth Sync="TRUE">4</attwidth><atprecis Sync="TRUE">0</atprecis><attscale Sync="TRUE">0</attscale></attr><attr><attrlabl Sync="TRUE">WWW</attrlabl><attalias Sync="TRUE">WWW</attalias><attrtype Sync="TRUE">String</attrtype><attwidth Sync="TRUE">2</attwidth><atprecis Sync="TRUE">0</atprecis><attscale Sync="TRUE">0</attscale></attr><attr><attrlabl Sync="TRUE">FIPS</attrlabl><attalias Sync="TRUE">FIPS</attalias><attrtype Sync="TRUE">String</attrtype><attwidth Sync="TRUE">6</attwidth><atprecis Sync="TRUE">0</atprecis><attscale Sync="TRUE">0</attscale></attr><attr><attrlabl Sync="TRUE">ISON</attrlabl><attalias Sync="TRUE">ISON</attalias><attrtype Sync="TRUE">Double</attrtype><attwidth Sync="TRUE">19</attwidth><atprecis Sync="TRUE">0</atprecis><attscale Sync="TRUE">0</attscale></attr><attr><attrlabl Sync="TRUE">VALIDFR</attrlabl><attalias Sync="TRUE">VALIDFR</attalias><attrtype Sync="TRUE">String</attrtype><attwidth Sync="TRUE">12</attwidth><atprecis Sync="TRUE">0</atprecis><attscale Sync="TRUE">0</attscale></attr><attr><attrlabl Sync="TRUE">VALIDTO</attrlabl><attalias Sync="TRUE">VALIDTO</attalias><attrtype Sync="TRUE">String</attrtype><attwidth Sync="TRUE">10</attwidth><atprecis Sync="TRUE">0</atprecis><attscale Sync="TRUE">0</attscale></attr><attr><attrlabl Sync="TRUE">POP2000</attrlabl><attalias Sync="TRUE">POP2000</attalias><attrtype Sync="TRUE">Double</attrtype><attwidth Sync="TRUE">19</attwidth><atprecis Sync="TRUE">0</atprecis><attscale Sync="TRUE">0</attscale></attr><attr><attrlabl Sync="TRUE">SQKM</attrlabl><attalias Sync="TRUE">SQKM</attalias><attrtype Sync="TRUE">Double</attrtype><attwidth Sync="TRUE">19</attwidth><atprecis Sync="TRUE">0</atprecis><attscale Sync="TRUE">0</attscale></attr><attr><attrlabl Sync="TRUE">POPSQKM</attrlabl><attalias Sync="TRUE">POPSQKM</attalias><attrtype Sync="TRUE">Double</attrtype><attwidth Sync="TRUE">19</attwidth><atprecis Sync="TRUE">0</atprecis><attscale Sync="TRUE">0</attscale></attr><attr><attrlabl Sync="TRUE">UNREGION1</attrlabl><attalias Sync="TRUE">UNREGION1</attalias><attrtype Sync="TRUE">String</attrtype><attwidth Sync="TRUE">254</attwidth><atprecis Sync="TRUE">0</atprecis><attscale Sync="TRUE">0</attscale></attr><attr><attrlabl Sync="TRUE">UNREGION2</attrlabl><attalias Sync="TRUE">UNREGION2</attalias><attrtype Sync="TRUE">String</attrtype><attwidth Sync="TRUE">254</attwidth><atprecis Sync="TRUE">0</atprecis><attscale Sync="TRUE">0</attscale></attr><attr><attrlabl Sync="TRUE">DEVELOPING</attrlabl><attalias Sync="TRUE">DEVELOPING</attalias><attrtype Sync="TRUE">Double</attrtype><attwidth Sync="TRUE">19</attwidth><atprecis Sync="TRUE">0</atprecis><attscale Sync="TRUE">0</attscale></attr><attr><attrlabl Sync="TRUE">CIS</attrlabl><attalias Sync="TRUE">CIS</attalias><attrtype Sync="TRUE">Double</attrtype><attwidth Sync="TRUE">19</attwidth><atprecis Sync="TRUE">0</atprecis><attscale Sync="TRUE">0</attscale></attr><attr><attrlabl Sync="TRUE">Transition</attrlabl><attalias Sync="TRUE">Transition</attalias><attrtype Sync="TRUE">Double</attrtype><attwidth Sync="TRUE">19</attwidth><atprecis Sync="TRUE">0</atprecis><attscale Sync="TRUE">0</attscale></attr><attr><attrlabl Sync="TRUE">OECD</attrlabl><attalias Sync="TRUE">OECD</attalias><attrtype Sync="TRUE">Double</attrtype><attwidth Sync="TRUE">19</attwidth><atprecis Sync="TRUE">0</atprecis><attscale Sync="TRUE">0</attscale></attr><attr><attrlabl Sync="TRUE">WBREGION</attrlabl><attalias Sync="TRUE">WBREGION</attalias><attrtype Sync="TRUE">String</attrtype><attwidth Sync="TRUE">254</attwidth><atprecis Sync="TRUE">0</atprecis><attscale Sync="TRUE">0</attscale></attr><attr><attrlabl Sync="TRUE">WBINCOME</attrlabl><attalias Sync="TRUE">WBINCOME</attalias><attrtype Sync="TRUE">String</attrtype><attwidth Sync="TRUE">254</attwidth><atprecis Sync="TRUE">0</atprecis><attscale Sync="TRUE">0</attscale></attr><attr><attrlabl Sync="TRUE">WBDEBT</attrlabl><attalias Sync="TRUE">WBDEBT</attalias><attrtype Sync="TRUE">String</attrtype><attwidth Sync="TRUE">254</attwidth><atprecis Sync="TRUE">0</atprecis><attscale Sync="TRUE">0</attscale></attr><attr><attrlabl Sync="TRUE">WBOTHER</attrlabl><attalias Sync="TRUE">WBOTHER</attalias><attrtype Sync="TRUE">String</attrtype><attwidth Sync="TRUE">254</attwidth><atprecis Sync="TRUE">0</atprecis><attscale Sync="TRUE">0</attscale></attr><attr><attrlabl Sync="TRUE">CEEAC</attrlabl><attalias Sync="TRUE">CEEAC</attalias><attrtype Sync="TRUE">Double</attrtype><attwidth Sync="TRUE">19</attwidth><atprecis Sync="TRUE">0</atprecis><attscale Sync="TRUE">0</attscale></attr><attr><attrlabl Sync="TRUE">CEMAC</attrlabl><attalias Sync="TRUE">CEMAC</attalias><attrtype Sync="TRUE">Double</attrtype><attwidth Sync="TRUE">19</attwidth><atprecis Sync="TRUE">0</atprecis><attscale Sync="TRUE">0</attscale></attr><attr><attrlabl Sync="TRUE">CEPLG</attrlabl><attalias Sync="TRUE">CEPLG</attalias><attrtype Sync="TRUE">Double</attrtype><attwidth Sync="TRUE">19</attwidth><atprecis Sync="TRUE">0</atprecis><attscale Sync="TRUE">0</attscale></attr><attr><attrlabl Sync="TRUE">COMESA</attrlabl><attalias Sync="TRUE">COMESA</attalias><attrtype Sync="TRUE">Double</attrtype><attwidth Sync="TRUE">19</attwidth><atprecis Sync="TRUE">0</atprecis><attscale Sync="TRUE">0</attscale></attr><attr><attrlabl Sync="TRUE">EAC</attrlabl><attalias Sync="TRUE">EAC</attalias><attrtype Sync="TRUE">Double</attrtype><attwidth Sync="TRUE">19</attwidth><atprecis Sync="TRUE">0</atprecis><attscale Sync="TRUE">0</attscale></attr><attr><attrlabl Sync="TRUE">ECOWAS</attrlabl><attalias Sync="TRUE">ECOWAS</attalias><attrtype Sync="TRUE">Double</attrtype><attwidth Sync="TRUE">19</attwidth><atprecis Sync="TRUE">0</atprecis><attscale Sync="TRUE">0</attscale></attr><attr><attrlabl Sync="TRUE">IGAD</attrlabl><attalias Sync="TRUE">IGAD</attalias><attrtype Sync="TRUE">Double</attrtype><attwidth Sync="TRUE">19</attwidth><atprecis Sync="TRUE">0</atprecis><attscale Sync="TRUE">0</attscale></attr><attr><attrlabl Sync="TRUE">IOC</attrlabl><attalias Sync="TRUE">IOC</attalias><attrtype Sync="TRUE">Double</attrtype><attwidth Sync="TRUE">19</attwidth><atprecis Sync="TRUE">0</atprecis><attscale Sync="TRUE">0</attscale></attr><attr><attrlabl Sync="TRUE">MRU</attrlabl><attalias Sync="TRUE">MRU</attalias><attrtype Sync="TRUE">Double</attrtype><attwidth Sync="TRUE">19</attwidth><atprecis Sync="TRUE">0</atprecis><attscale Sync="TRUE">0</attscale></attr><attr><attrlabl Sync="TRUE">SACU</attrlabl><attalias Sync="TRUE">SACU</attalias><attrtype Sync="TRUE">Double</attrtype><attwidth Sync="TRUE">19</attwidth><atprecis Sync="TRUE">0</atprecis><attscale Sync="TRUE">0</attscale></attr><attr><attrlabl Sync="TRUE">UEMOA</attrlabl><attalias Sync="TRUE">UEMOA</attalias><attrtype Sync="TRUE">Double</attrtype><attwidth Sync="TRUE">19</attwidth><atprecis Sync="TRUE">0</atprecis><attscale Sync="TRUE">0</attscale></attr><attr><attrlabl Sync="TRUE">UMA</attrlabl><attalias Sync="TRUE">UMA</attalias><attrtype Sync="TRUE">Double</attrtype><attwidth Sync="TRUE">19</attwidth><atprecis Sync="TRUE">0</atprecis><attscale Sync="TRUE">0</attscale></attr><attr><attrlabl Sync="TRUE">PALOP</attrlabl><attalias Sync="TRUE">PALOP</attalias><attrtype Sync="TRUE">Double</attrtype><attwidth Sync="TRUE">19</attwidth><atprecis Sync="TRUE">0</atprecis><attscale Sync="TRUE">0</attscale></attr><attr><attrlabl Sync="TRUE">PARTA</attrlabl><attalias Sync="TRUE">PARTA</attalias><attrtype Sync="TRUE">Double</attrtype><attwidth Sync="TRUE">19</attwidth><atprecis Sync="TRUE">0</atprecis><attscale Sync="TRUE">0</attscale></attr><attr><attrlabl Sync="TRUE">CACM</attrlabl><attalias Sync="TRUE">CACM</attalias><attrtype Sync="TRUE">Double</attrtype><attwidth Sync="TRUE">19</attwidth><atprecis Sync="TRUE">0</atprecis><attscale Sync="TRUE">0</attscale></attr><attr><attrlabl Sync="TRUE">EurAsEC</attrlabl><attalias Sync="TRUE">EurAsEC</attalias><attrtype Sync="TRUE">Double</attrtype><attwidth Sync="TRUE">19</attwidth><atprecis Sync="TRUE">0</atprecis><attscale Sync="TRUE">0</attscale></attr><attr><attrlabl Sync="TRUE">Agadir</attrlabl><attalias Sync="TRUE">Agadir</attalias><attrtype Sync="TRUE">Double</attrtype><attwidth Sync="TRUE">19</attwidth><atprecis Sync="TRUE">0</atprecis><attscale Sync="TRUE">0</attscale></attr><attr><attrlabl Sync="TRUE">SAARC</attrlabl><attalias Sync="TRUE">SAARC</attalias><attrtype Sync="TRUE">Double</attrtype><attwidth Sync="TRUE">19</attwidth><atprecis Sync="TRUE">0</atprecis><attscale Sync="TRUE">0</attscale></attr><attr><attrlabl Sync="TRUE">ASEAN</attrlabl><attalias Sync="TRUE">ASEAN</attalias><attrtype Sync="TRUE">Double</attrtype><attwidth Sync="TRUE">19</attwidth><atprecis Sync="TRUE">0</atprecis><attscale Sync="TRUE">0</attscale></attr><attr><attrlabl Sync="TRUE">NAFTA</attrlabl><attalias Sync="TRUE">NAFTA</attalias><attrtype Sync="TRUE">Double</attrtype><attwidth Sync="TRUE">19</attwidth><atprecis Sync="TRUE">0</atprecis><attscale Sync="TRUE">0</attscale></attr><attr><attrlabl Sync="TRUE">GCC</attrlabl><attalias Sync="TRUE">GCC</attalias><attrtype Sync="TRUE">Double</attrtype><attwidth Sync="TRUE">19</attwidth><atprecis Sync="TRUE">0</atprecis><attscale Sync="TRUE">0</attscale></attr><attr><attrlabl Sync="TRUE">CSN</attrlabl><attalias Sync="TRUE">CSN</attalias><attrtype Sync="TRUE">Double</attrtype><attwidth Sync="TRUE">19</attwidth><atprecis Sync="TRUE">0</atprecis><attscale Sync="TRUE">0</attscale></attr><attr><attrlabl Sync="TRUE">CARICOM</attrlabl><attalias Sync="TRUE">CARICOM</attalias><attrtype Sync="TRUE">Double</attrtype><attwidth Sync="TRUE">19</attwidth><atprecis Sync="TRUE">0</atprecis><attscale Sync="TRUE">0</attscale></attr><attr><attrlabl Sync="TRUE">EU</attrlabl><attalias Sync="TRUE">EU</attalias><attrtype Sync="TRUE">Double</attrtype><attwidth Sync="TRUE">19</attwidth><atprecis Sync="TRUE">0</atprecis><attscale Sync="TRUE">0</attscale></attr><attr><attrlabl Sync="TRUE">CAN</attrlabl><attalias Sync="TRUE">CAN</attalias><attrtype Sync="TRUE">Double</attrtype><attwidth Sync="TRUE">19</attwidth><atprecis Sync="TRUE">0</atprecis><attscale Sync="TRUE">0</attscale></attr><attr><attrlabl Sync="TRUE">ACP</attrlabl><attalias Sync="TRUE">ACP</attalias><attrtype Sync="TRUE">Double</attrtype><attwidth Sync="TRUE">19</attwidth><atprecis Sync="TRUE">0</atprecis><attscale Sync="TRUE">0</attscale></attr><attr><attrlabl Sync="TRUE">Landlocked</attrlabl><attalias Sync="TRUE">Landlocked</attalias><attrtype Sync="TRUE">Double</attrtype><attwidth Sync="TRUE">19</attwidth><atprecis Sync="TRUE">0</atprecis><attscale Sync="TRUE">0</attscale></attr><attr><attrlabl Sync="TRUE">AOSIS</attrlabl><attalias Sync="TRUE">AOSIS</attalias><attrtype Sync="TRUE">Double</attrtype><attwidth Sync="TRUE">19</attwidth><atprecis Sync="TRUE">0</atprecis><attscale Sync="TRUE">0</attscale></attr><attr><attrlabl Sync="TRUE">SIDS</attrlabl><attalias Sync="TRUE">SIDS</attalias><attrtype Sync="TRUE">Double</attrtype><attwidth Sync="TRUE">19</attwidth><atprecis Sync="TRUE">0</atprecis><attscale Sync="TRUE">0</attscale></attr><attr><attrlabl Sync="TRUE">Islands</attrlabl><attalias Sync="TRUE">Islands</attalias><attrtype Sync="TRUE">Double</attrtype><attwidth Sync="TRUE">19</attwidth><atprecis Sync="TRUE">0</atprecis><attscale Sync="TRUE">0</attscale></attr><attr><attrlabl Sync="TRUE">LDC</attrlabl><attalias Sync="TRUE">LDC</attalias><attrtype Sync="TRUE">Double</attrtype><attwidth Sync="TRUE">19</attwidth><atprecis Sync="TRUE">0</atprecis><attscale Sync="TRUE">0</attscale></attr></detailed></eainfo><mdDateSt Sync="TRUE">20200617</mdDateSt></metadata>
