ID,Name,1/22/2020,1/23/2020,1/24/2020,1/25/2020,1/26/2020,1/27/2020,1/28/2020,1/29/2020,1/30/2020,1/31/2020,2/1/2020,2/2/2020,2/3/2020,2/4/2020,2/5/2020,2/6/2020,2/7/2020,2/8/2020,2/9/2020,2/10/2020,2/11/2020,2/12/2020,2/13/2020,2/14/2020,2/15/2020,2/16/2020,2/17/2020,2/18/2020,2/19/2020,2/20/2020,2/21/2020,2/22/2020,2/23/2020,2/24/2020,2/25/2020,2/26/2020,2/27/2020,2/28/2020,2/29/2020,3/1/2020,3/2/2020,3/3/2020,3/4/2020,3/5/2020,3/6/2020,3/7/2020,3/8/2020,3/9/2020,3/10/2020,3/11/2020,3/12/2020,3/13/2020,3/14/2020,3/15/2020,3/16/2020,3/17/2020,3/18/2020,3/19/2020,3/20/2020,3/21/2020,3/22/2020,3/23/2020,3/24/2020,3/25/2020,3/26/2020,3/27/2020,3/28/2020,3/29/2020,3/30/2020,3/31/2020,4/1/2020,4/2/2020,4/3/2020,4/4/2020,4/5/2020,4/6/2020,4/7/2020,4/8/2020,4/9/2020,4/10/2020,4/11/2020,4/12/2020,4/13/2020,4/14/2020,4/15/2020,4/16/2020,4/17/2020,4/18/2020,4/19/2020,4/20/2020,4/21/2020,4/22/2020,4/23/2020,4/24/2020,4/25/2020,4/26/2020,4/27/2020,4/28/2020,4/29/2020,4/30/2020,5/1/2020,5/2/2020,5/3/2020,5/4/2020,5/5/2020,5/6/2020,5/7/2020,5/8/2020,5/9/2020,5/10/2020,5/11/2020,5/12/2020,5/13/2020,5/14/2020,5/15/2020,5/16/2020,5/17/2020,5/18/2020,5/19/2020,5/20/2020,5/21/2020,5/22/2020,5/23/2020,5/24/2020,5/25/2020,5/26/2020,5/27/2020,5/28/2020,5/29/2020,5/30/2020,5/31/2020,6/1/2020,6/2/2020,6/3/2020,6/4/2020,6/5/2020,6/6/2020,6/7/2020,6/8/2020,6/9/2020,6/10/2020,6/11/2020,6/12/2020,6/13/2020,6/14/2020,6/15/2020,6/16/2020,6/17/2020,6/18/2020,6/19/2020,6/20/2020,6/21/2020,6/22/2020,6/23/2020,6/24/2020,6/25/2020,6/26/2020,6/27/2020,6/28/2020,6/29/2020,6/30/2020
1,Afghanistan,0,0,0,0,0,0,0,0,0,0,0,0,0,0,0,0,0,0,0,0,0,0,0,0,0,0,0,0,0,0,0,0,0,1,1,1,1,1,1,1,1,1,1,1,1,1,4,4,5,7,7,7,11,16,21,22,22,22,24,24,40,40,74,84,94,110,110,120,170,174,237,273,281,299,349,367,423,444,484,521,555,607,665,714,784,840,906,933,996,1026,1092,1176,1279,1351,1463,1531,1703,1828,1939,2171,2335,2469,2704,2894,3224,3392,3563,3778,4033,4402,4687,4963,5226,5639,6053,6402,6664,7072,7653,8145,8676,9216,9998,10582,11173,11831,12456,13036,13659,14525,15205,15750,16509,17267,18054,18969,19551,20342,20917,21459,22142,22890,23546,24102,24766,25527,26310,26874,27532,27878,28424,28833,29157,29481,29640,30175,30451,30616,30967,31238,31517
2,Armenia,0,0,0,0,0,0,0,0,0,0,0,0,0,0,0,0,0,0,0,0,0,0,0,0,0,0,0,0,0,0,0,0,0,0,0,0,0,0,0,1,1,1,1,1,1,1,1,1,1,1,4,8,18,26,52,78,84,115,136,160,194,235,249,265,290,329,407,424,482,532,571,663,736,770,822,833,853,881,921,937,967,1013,1039,1067,1111,1159,1201,1248,1291,1339,1401,1473,1523,1596,1677,1746,1808,1867,1932,2066,2148,2273,2386,2507,2619,2782,2884,3029,3175,3313,3392,3538,3718,3860,4044,4283,4472,4823,5041,5271,5606,5928,6302,6661,7113,7402,7774,8216,8676,8927,9282,9492,10009,10524,11221,11817,12364,13130,13325,13675,14103,14669,15281,16004,16667,17064,17489,18033,18698,19157,19708,20268,20588,21006,21717,22488,23247,23909,24645,25127,25542
3,Azerbaijan,0,0,0,0,0,0,0,0,0,0,0,0,0,0,0,0,0,0,0,0,0,0,0,0,0,0,0,0,0,0,0,0,0,0,0,0,0,0,0,3,3,3,3,6,6,9,9,9,11,11,11,15,15,23,28,28,28,44,44,53,65,72,87,93,122,165,182,209,273,298,359,400,443,521,584,641,717,822,926,991,1058,1098,1148,1197,1253,1283,1340,1373,1398,1436,1480,1518,1548,1592,1617,1645,1678,1717,1766,1804,1854,1894,1932,1984,2060,2127,2204,2279,2422,2519,2589,2693,2758,2879,2980,3138,3274,3387,3518,3631,3749,3855,3982,4122,4271,4403,4568,4759,4989,5246,5494,5662,5935,6260,6522,6860,7239,7553,7876,8191,8530,8882,9218,9570,9957,10324,10662,10991,11329,11767,12238,12729,13207,13715,14305,14852,15369,15890,16424,16968,17524
4,Bahrain,0,0,0,0,0,0,0,0,0,0,0,0,0,0,0,0,0,0,0,0,0,0,0,0,0,0,0,0,0,0,0,0,0,1,23,33,33,36,41,47,49,49,52,55,60,85,85,95,110,195,195,195,210,214,214,228,256,278,285,305,334,377,392,419,458,466,476,499,515,567,569,643,672,688,700,756,811,823,887,925,1040,1136,1361,1528,1671,1700,1740,1773,1881,1907,1973,2027,2217,2518,2588,2647,2723,2811,2921,3040,3170,3284,3383,3533,3720,3934,4199,4444,4774,4941,5236,5531,5816,6198,6583,6747,6956,7184,7532,7888,8174,8414,8802,9138,9171,9366,9692,10052,10449,10793,11398,11871,12311,12815,13296,13835,14383,14763,15417,15731,16200,16667,17269,17713,18227,19013,19553,19961,20430,20916,21331,21764,22407,23062,23570,24081,24805,25267,25705,26239,26758
5,Bangladesh,0,0,0,0,0,0,0,0,0,0,0,0,0,0,0,0,0,0,0,0,0,0,0,0,0,0,0,0,0,0,0,0,0,0,0,0,0,0,0,0,0,0,0,0,0,0,3,3,3,3,3,3,3,5,8,10,14,17,20,25,27,33,39,39,44,48,48,48,49,51,54,56,61,70,88,123,164,218,330,424,482,621,803,1012,1231,1572,1838,2144,2456,2948,3382,3772,4186,4689,4998,5416,5913,6462,7103,7667,8238,8790,9455,10143,10929,11719,12425,13134,13770,14657,15691,16660,17822,18863,20065,20995,22268,23870,25121,26738,28511,30205,32078,33610,35585,36751,38292,40321,42844,44608,47153,49534,52445,55140,57563,60391,63026,65769,68504,71675,74865,78052,81523,84379,87520,90619,94481,98489,102292,105535,108775,112306,115786,119198,122660,126606,130474,133978,137787,141801,145483
6,Bhutan,0,0,0,0,0,0,0,0,0,0,0,0,0,0,0,0,0,0,0,0,0,0,0,0,0,0,0,0,0,0,0,0,0,0,0,0,0,0,0,0,0,0,0,0,1,1,1,1,1,1,1,1,1,1,1,1,1,1,2,2,2,2,2,2,2,3,3,4,4,4,4,5,5,5,5,5,5,5,5,5,5,5,5,5,5,5,5,5,5,5,6,6,7,7,7,7,7,7,7,7,7,7,7,7,7,7,7,7,7,7,9,11,15,20,21,21,21,21,21,21,21,21,24,24,27,27,28,31,31,33,43,43,47,47,47,48,48,59,59,59,59,62,62,66,66,67,67,67,67,68,68,68,68,70,70,70,70,75,76,77,77
7,Brunei,0,0,0,0,0,0,0,0,0,0,0,0,0,0,0,0,0,0,0,0,0,0,0,0,0,0,0,0,0,0,0,0,0,0,0,0,0,0,0,0,0,0,0,0,0,0,0,1,1,11,11,37,40,50,54,56,68,75,78,83,88,91,104,109,114,115,120,126,127,129,131,133,134,135,135,135,135,135,135,136,136,136,136,136,136,136,136,137,138,138,138,138,138,138,138,138,138,138,138,138,138,138,138,138,138,139,141,141,141,141,141,141,141,141,141,141,141,141,141,141,141,141,141,141,141,141,141,141,141,141,141,141,141,141,141,141,141,141,141,141,141,141,141,141,141,141,141,141,141,141,141,141,141,141,141,141,141,141,141,141,141
8,Bulgaria,0,0,0,0,0,0,0,0,0,0,0,0,0,0,0,0,0,0,0,0,0,0,0,0,0,0,0,0,0,0,0,0,0,0,0,0,0,0,0,0,0,0,0,0,0,0,4,4,4,7,7,23,41,51,52,67,92,94,127,163,187,201,218,242,264,293,331,346,359,399,422,457,485,503,531,549,577,593,618,635,661,675,685,713,747,800,846,878,894,929,975,1024,1097,1234,1247,1300,1363,1399,1447,1506,1555,1594,1618,1652,1704,1778,1829,1872,1921,1965,1990,2023,2069,2100,2138,2175,2211,2235,2259,2292,2331,2372,2408,2427,2433,2443,2460,2477,2485,2499,2513,2519,2538,2560,2585,2627,2711,2727,2810,2889,2993,3086,3191,3266,3290,3341,3453,3542,3674,3755,3872,3905,3984,4114,4242,4408,4513,4625,4691,4831,4989
9,Burma,0,0,0,0,0,0,0,0,0,0,0,0,0,0,0,0,0,0,0,0,0,0,0,0,0,0,0,0,0,0,0,0,0,0,0,0,0,0,0,0,0,0,0,0,0,0,0,0,0,0,0,0,0,0,0,0,0,0,0,0,0,0,0,0,0,8,8,10,14,15,15,20,20,21,21,22,22,22,23,27,38,41,62,63,74,85,88,98,111,119,121,123,139,144,146,146,146,150,150,151,151,151,155,161,161,161,176,177,178,180,180,180,181,181,182,182,184,191,193,199,199,199,201,201,203,206,206,206,207,224,224,228,232,233,236,236,240,242,244,246,248,260,261,261,261,262,262,262,286,286,287,290,291,292,293,293,293,296,299,299,299
10,Cambodia,0,0,0,0,0,1,1,1,1,1,1,1,1,1,1,1,1,1,1,1,1,1,1,1,1,1,1,1,1,1,1,1,1,1,1,1,1,1,1,1,1,1,1,1,1,1,2,2,2,3,3,5,7,7,7,33,35,37,51,53,84,87,91,96,96,99,99,103,107,109,109,110,114,114,114,114,115,117,119,119,120,122,122,122,122,122,122,122,122,122,122,122,122,122,122,122,122,122,122,122,122,122,122,122,122,122,122,122,122,122,122,122,122,122,122,122,122,122,122,122,123,123,124,124,124,124,124,124,124,125,125,125,125,125,125,125,125,126,126,126,126,126,126,128,128,128,128,128,129,129,129,129,130,130,130,130,139,141,141,141,141
11,China,548,643,920,1406,2075,2877,5509,6087,8141,9802,11891,16630,19716,23707,27440,30587,34110,36814,39829,42354,44386,44759,59895,66358,68413,70513,72434,74211,74619,75077,75550,77001,77022,77241,77754,78166,78600,78928,79356,79932,80136,80261,80386,80537,80690,80770,80823,80860,80887,80921,80932,80945,80977,81003,81033,81058,81102,81156,81250,81305,81435,81498,81591,81661,81782,81897,81999,82122,82198,82279,82361,82432,82511,82543,82602,82665,82718,82809,82883,82941,83014,83134,83213,83306,83356,83403,83760,83787,83805,83817,83853,83868,83884,83899,83909,83912,83918,83940,83944,83956,83959,83959,83964,83966,83968,83970,83975,83976,83990,84010,84011,84018,84024,84029,84038,84044,84054,84063,84063,84063,84063,84081,84084,84095,84102,84103,84106,84106,84123,84128,84146,84154,84161,84160,84171,84177,84186,84191,84195,84198,84209,84216,84228,84286,84335,84378,84422,84458,84494,84494,84553,84572,84624,84653,84673,84701,84725,84743,84757,84780,84785
12,Cyprus,0,0,0,0,0,0,0,0,0,0,0,0,0,0,0,0,0,0,0,0,0,0,0,0,0,0,0,0,0,0,0,0,0,0,0,0,0,0,0,0,0,0,0,0,0,0,0,2,3,6,6,14,26,26,33,46,49,67,67,84,95,116,124,132,146,162,179,214,230,262,320,356,396,426,446,465,494,526,564,595,616,633,662,695,715,735,750,761,767,772,784,790,795,804,810,817,822,837,843,850,857,864,872,874,878,883,889,891,892,898,901,903,905,907,910,914,916,917,918,922,923,927,927,935,937,939,939,941,942,944,944,949,952,958,958,960,960,964,970,972,974,975,980,980,983,985,985,985,985,985,985,986,988,990,991,992,992,994,994,996,998
13,Georgia,0,0,0,0,0,0,0,0,0,0,0,0,0,0,0,0,0,0,0,0,0,0,0,0,0,0,0,0,0,0,0,0,0,0,0,1,1,1,1,3,3,3,3,4,4,4,13,15,15,24,24,25,30,33,33,34,38,40,43,49,54,61,70,75,79,83,90,91,103,110,117,134,155,162,174,188,196,211,218,234,242,257,272,300,306,348,370,388,394,402,408,416,425,444,456,486,497,511,517,539,566,582,589,593,604,610,615,623,626,635,638,642,647,667,671,683,695,701,707,713,721,723,728,730,731,732,735,738,746,757,783,794,796,800,801,805,808,809,812,818,827,831,843,851,864,879,879,888,893,896,898,906,908,911,914,917,919,921,924,926,928
14,Greece,0,0,0,0,0,0,0,0,0,0,0,0,0,0,0,0,0,0,0,0,0,0,0,0,0,0,0,0,0,0,0,0,0,0,0,1,3,4,4,7,7,7,9,31,45,46,73,73,89,99,99,190,228,331,331,387,418,418,495,530,624,695,743,821,892,966,1061,1156,1212,1314,1415,1544,1613,1673,1735,1755,1832,1884,1955,2011,2081,2114,2145,2170,2192,2207,2224,2235,2235,2245,2401,2408,2463,2490,2506,2517,2534,2566,2576,2591,2612,2620,2626,2632,2642,2663,2678,2691,2710,2716,2726,2744,2760,2770,2810,2819,2834,2836,2840,2850,2853,2874,2876,2878,2882,2892,2903,2906,2909,2915,2917,2918,2937,2937,2952,2967,2980,2997,3049,3058,3068,3088,3108,3112,3121,3134,3148,3203,3227,3237,3256,3266,3287,3302,3310,3321,3343,3366,3376,3390,3409
15,India,0,0,0,0,0,0,0,0,1,1,1,2,3,3,3,3,3,3,3,3,3,3,3,3,3,3,3,3,3,3,3,3,3,3,3,3,3,3,3,3,5,5,28,30,31,34,39,43,56,62,73,82,102,113,119,142,156,194,244,330,396,499,536,657,727,887,987,1024,1251,1397,1998,2543,2567,3082,3588,4778,5311,5916,6725,7598,8446,9205,10453,11487,12322,13430,14352,15722,17615,18539,20080,21370,23077,24530,26283,27890,29451,31324,33062,34863,37257,39699,42505,46437,49400,52987,56351,59695,62808,67161,70768,74292,78055,81997,85784,90648,95698,100328,106475,112028,118226,124794,131423,138536,144950,150793,158086,165386,173491,181827,190609,198370,207191,216824,226713,236184,246622,257486,265928,276146,286605,297535,308993,320922,332424,343091,354065,366946,380532,395048,410451,425282,440215,456183,473105,490401,508953,528859,548318,566840,585481
16,Indonesia,0,0,0,0,0,0,0,0,0,0,0,0,0,0,0,0,0,0,0,0,0,0,0,0,0,0,0,0,0,0,0,0,0,0,0,0,0,0,0,0,2,2,2,2,4,4,6,19,27,34,34,69,96,117,134,172,227,311,369,450,514,579,686,790,893,1046,1155,1285,1414,1528,1677,1790,1986,2092,2273,2491,2738,2956,3293,3512,3842,4241,4557,4839,5136,5516,5923,6248,6575,6760,7135,7418,7775,8211,8607,8882,9096,9511,9771,10118,10551,10843,11192,11587,12071,12438,12776,13112,13645,14032,14265,14749,15438,16006,16496,17025,17514,18010,18496,19189,20162,20796,21745,22271,22750,23165,23851,24538,25216,25773,26473,26940,27549,28233,28818,29521,30514,31186,32033,33076,34316,35295,36406,37420,38277,39294,40400,41431,42762,43803,45029,45891,46845,47896,49009,50187,51427,52812,54010,55092,56385
17,Iran,0,0,0,0,0,0,0,0,0,0,0,0,0,0,0,0,0,0,0,0,0,0,0,0,0,0,0,0,2,5,18,28,43,61,95,139,245,388,593,978,1501,2336,2922,3513,4747,5823,6566,7161,8042,9000,10075,11364,12729,13938,14991,16169,17361,18407,19644,20610,21638,23049,24811,27017,29406,32332,35408,38309,41495,44605,47593,50468,53183,55743,58226,60500,62589,64586,66220,68192,70029,71686,73303,74877,76389,77995,79494,80868,82211,83505,84802,85996,87026,88194,89328,90481,91472,92584,93657,94640,95646,96448,97424,98647,99970,101650,103135,104691,106220,107603,109286,110767,112725,114533,116635,118392,120198,122492,124603,126949,129341,131652,133521,135701,137724,139511,141591,143849,146668,148950,151466,154445,157562,160696,164270,167156,169425,171789,173832,175927,177938,180156,182525,184955,187427,189876,192439,195051,197647,200262,202584,204952,207525,209970,212501,215096,217724,220180,222669,225205,227662
18,Iraq,0,0,0,0,0,0,0,0,0,0,0,0,0,0,0,0,0,0,0,0,0,0,0,0,0,0,0,0,0,0,0,0,0,1,1,5,7,7,13,19,26,32,35,35,40,54,60,60,71,71,71,101,110,116,124,154,164,192,208,214,233,266,316,346,382,458,506,547,630,694,728,772,820,878,961,1031,1122,1202,1232,1279,1318,1352,1378,1400,1415,1434,1482,1513,1539,1574,1602,1631,1677,1708,1763,1820,1847,1928,2003,2085,2153,2219,2296,2346,2431,2480,2543,2603,2679,2767,2818,2913,3032,3143,3193,3260,3404,3554,3611,3724,3877,3964,4272,4469,4632,4848,5135,5457,5873,6179,6439,6868,7387,8168,8840,9846,11098,12366,13481,14268,15414,16675,17770,18950,20209,21315,22700,24254,25717,27352,29222,30868,32676,34502,36702,39139,41193,43262,45402,47151,49109
19,Israel,0,0,0,0,0,0,0,0,0,0,0,0,0,0,0,0,0,0,0,0,0,0,0,0,0,0,0,0,0,0,1,1,1,1,1,2,3,4,7,10,10,12,15,20,37,43,61,61,75,79,100,126,155,213,218,250,304,427,529,712,883,1071,1238,2369,2693,3035,3619,4247,4695,5358,6092,6857,7428,7851,8430,8904,9248,9404,9968,10408,10743,11145,11586,12046,12501,12758,12982,13265,13491,13713,13942,14498,14803,15058,15298,15443,15555,15728,15834,15946,16101,16185,16208,16246,16289,16310,16381,16436,16454,16477,16506,16529,16548,16579,16589,16608,16617,16643,16659,16667,16683,16690,16712,16717,16734,16757,16793,16872,16987,17012,17071,17169,17285,17377,17495,17562,17752,17863,18032,18180,18355,18569,18795,18972,19055,19237,19495,19783,20036,20339,20633,20778,21082,21512,22044,22400,22800,23421,23755,24441,25244
20,Japan,2,2,2,2,4,4,7,7,11,15,20,20,20,22,22,22,25,25,26,26,26,28,28,29,43,59,66,74,84,94,105,122,147,159,170,189,214,228,241,256,274,293,331,360,420,461,502,511,581,639,639,701,773,839,839,878,889,924,963,1007,1101,1128,1193,1307,1387,1468,1693,1866,1866,1953,2178,2495,2617,3139,3139,3654,3906,4257,4667,5530,6005,6748,7370,7645,8100,8626,9787,10296,10797,10797,11135,11512,12368,12829,13231,13441,14153,13736,13895,14088,14305,14571,14877,15078,15253,15253,15477,15575,15663,15777,15847,15968,16049,16120,16203,16237,16285,16305,16367,16367,16424,16513,16536,16550,16581,16623,16651,16598,16673,16716,16751,16787,16837,16867,16911,16958,17000,17039,17060,17111,17146,17187,17250,17293,17369,17439,17484,17530,17588,17658,17725,17780,17820,17879,17963,18055,18162,18254,18366,18476,18615
21,Jordan,0,0,0,0,0,0,0,0,0,0,0,0,0,0,0,0,0,0,0,0,0,0,0,0,0,0,0,0,0,0,0,0,0,0,0,0,0,0,0,0,0,1,1,1,1,1,1,1,1,1,1,1,1,8,17,34,52,69,85,85,112,127,154,172,212,235,246,259,268,274,278,299,310,323,345,349,353,358,372,372,381,389,391,397,401,402,407,413,417,425,428,435,437,441,444,447,449,449,451,453,459,460,461,465,471,473,494,508,522,540,562,576,582,586,596,607,613,629,649,672,684,700,704,708,711,718,720,728,730,734,739,746,755,757,765,784,795,808,831,845,863,890,915,953,961,979,981,987,1001,1008,1015,1033,1042,1047,1071,1086,1104,1111,1121,1128,1132
22,Kazakhstan,0,0,0,0,0,0,0,0,0,0,0,0,0,0,0,0,0,0,0,0,0,0,0,0,0,0,0,0,0,0,0,0,0,0,0,0,0,0,0,0,0,0,0,0,0,0,0,0,0,0,0,4,6,9,10,33,35,44,49,53,60,62,72,81,111,150,228,284,302,343,380,435,464,531,584,662,697,727,781,812,865,951,1091,1232,1295,1402,1546,1615,1676,1852,1995,2135,2289,2482,2601,2717,2835,3027,3138,3402,3597,3857,3920,4049,4205,4422,4578,4834,4975,5090,5207,5279,5417,5571,5689,5850,6157,6751,6751,6969,7234,7919,7919,8531,8969,8969,9304,9576,9932,10382,10858,11308,11571,12067,12067,12312,12511,12694,12859,13074,13319,13872,13872,14238,14496,15192,15542,15877,15877,16779,17225,17732,18231,18765,19285,19750,20319,20319,21327,21819,22308
23,Kuwait,0,0,0,0,0,0,0,0,0,0,0,0,0,0,0,0,0,0,0,0,0,0,0,0,0,0,0,0,0,0,0,0,0,1,11,26,43,45,45,45,56,56,56,58,58,61,64,64,69,72,80,80,104,112,123,130,142,148,159,176,188,189,191,195,208,225,235,255,266,289,317,342,417,479,556,665,743,855,910,993,1154,1234,1300,1355,1405,1524,1658,1751,1915,1995,2080,2248,2399,2614,2892,3075,3288,3440,3740,4024,4377,4619,4983,5278,5804,6289,6567,7208,7623,8688,9286,10277,11028,11975,12860,13802,14850,15691,16764,17568,18609,19564,20464,21302,21967,22575,23267,24112,25184,26192,27043,27762,28649,29359,29921,30644,31131,31848,32510,33140,33823,34432,34952,35466,35920,36431,36958,37533,38074,38678,39145,39650,40291,41033,41879,42788,43703,44391,44942,45524,46195
24,Kyrgyzstan,0,0,0,0,0,0,0,0,0,0,0,0,0,0,0,0,0,0,0,0,0,0,0,0,0,0,0,0,0,0,0,0,0,0,0,0,0,0,0,0,0,0,0,0,0,0,0,0,0,0,0,0,0,0,0,0,3,3,6,14,14,16,42,44,44,58,58,84,94,107,111,116,130,144,147,216,228,270,280,298,339,377,419,430,449,466,489,506,554,568,590,612,631,665,665,682,695,708,729,746,756,769,795,830,843,871,895,906,931,1002,1016,1037,1044,1082,1111,1117,1138,1216,1243,1270,1313,1350,1365,1403,1433,1468,1520,1594,1662,1722,1748,1817,1845,1871,1899,1936,1974,2007,2032,2055,2093,2166,2166,2207,2285,2472,2562,2657,2657,2789,2981,3356,3356,3726,3954,4204,4446,4513,5017,5296,5506
25,Laos,0,0,0,0,0,0,0,0,0,0,0,0,0,0,0,0,0,0,0,0,0,0,0,0,0,0,0,0,0,0,0,0,0,0,0,0,0,0,0,0,0,0,0,0,0,0,0,0,0,0,0,0,0,0,0,0,0,0,0,0,0,0,2,3,6,6,8,8,8,9,10,10,10,10,11,12,14,15,16,16,18,19,19,19,19,19,19,19,19,19,19,19,19,19,19,19,19,19,19,19,19,19,19,19,19,19,19,19,19,19,19,19,19,19,19,19,19,19,19,19,19,19,19,19,19,19,19,19,19,19,19,19,19,19,19,19,19,19,19,19,19,19,19,19,19,19,19,19,19,19,19,19,19,19,19,19,19,19,19,19,19
26,Lebanon,0,0,0,0,0,0,0,0,0,0,0,0,0,0,0,0,0,0,0,0,0,0,0,0,0,0,0,0,0,0,1,1,1,1,1,2,2,2,4,10,13,13,13,16,22,22,32,32,41,61,61,77,93,110,110,120,133,157,163,187,248,267,318,333,368,391,412,438,446,470,479,494,508,520,527,541,548,576,582,609,619,630,632,641,658,663,668,672,673,677,677,682,688,696,704,707,710,717,721,725,729,733,737,740,741,750,784,796,809,845,859,870,878,886,891,902,911,931,954,961,1024,1086,1097,1114,1119,1140,1161,1168,1172,1191,1220,1233,1242,1256,1306,1312,1320,1331,1350,1368,1388,1402,1422,1442,1446,1464,1473,1489,1495,1510,1536,1587,1603,1622,1644,1662,1697,1719,1740,1745,1778
27,Malaysia,0,0,0,3,4,4,4,7,8,8,8,8,8,10,12,12,12,16,16,18,18,18,19,19,22,22,22,22,22,22,22,22,22,22,22,22,23,23,25,29,29,36,50,50,83,93,99,117,129,149,149,197,238,428,566,673,790,900,1030,1183,1306,1518,1624,1796,2031,2161,2320,2470,2626,2766,2908,3116,3333,3483,3662,3793,3963,4119,4228,4346,4530,4683,4817,4987,5072,5182,5251,5305,5389,5425,5482,5532,5603,5691,5742,5780,5820,5851,5945,6002,6071,6176,6298,6353,6383,6428,6467,6535,6589,6656,6726,6742,6779,6819,6855,6872,6894,6941,6978,7009,7059,7137,7185,7245,7417,7604,7619,7629,7732,7762,7819,7857,7877,7970,8247,8266,8303,8322,8329,8336,8338,8369,8402,8445,8453,8494,8505,8515,8529,8535,8556,8572,8587,8590,8596,8600,8606,8616,8634,8637,8639
28,Maldives,0,0,0,0,0,0,0,0,0,0,0,0,0,0,0,0,0,0,0,0,0,0,0,0,0,0,0,0,0,0,0,0,0,0,0,0,0,0,0,0,0,0,0,0,0,0,4,4,6,8,8,9,10,13,13,13,13,13,13,13,13,13,13,13,13,16,16,17,17,18,19,19,19,19,19,19,19,19,19,19,19,20,20,20,22,25,28,35,52,69,83,86,108,129,177,214,226,250,278,468,491,519,527,541,573,617,648,744,790,835,897,904,955,982,1031,1078,1094,1106,1143,1186,1216,1274,1313,1371,1395,1438,1457,1513,1591,1672,1773,1829,1841,1850,1872,1883,1901,1903,1916,1942,1962,1976,2003,2013,2035,2065,2094,2120,2137,2150,2187,2203,2217,2238,2261,2277,2283,2305,2324,2337,2361
29,Mongolia,0,0,0,0,0,0,0,0,0,0,0,0,0,0,0,0,0,0,0,0,0,0,0,0,0,0,0,0,0,0,0,0,0,0,0,0,0,0,0,0,0,0,0,0,0,0,0,0,1,1,1,1,1,1,1,5,6,6,6,10,10,10,10,10,11,11,12,12,12,12,14,14,14,14,14,15,15,16,16,16,16,16,17,30,30,31,31,31,32,33,34,35,36,37,37,38,38,38,38,38,38,39,39,40,41,41,41,42,42,42,42,42,42,98,98,135,136,140,140,140,140,141,141,141,141,141,148,161,179,179,179,185,185,185,186,191,193,193,194,194,194,197,197,197,197,197,197,201,204,204,206,213,215,215,216,219,219,219,220,220,220
30,Nepal,0,0,0,1,1,1,1,1,1,1,1,1,1,1,1,1,1,1,1,1,1,1,1,1,1,1,1,1,1,1,1,1,1,1,1,1,1,1,1,1,1,1,1,1,1,1,1,1,1,1,1,1,1,1,1,1,1,1,1,1,1,2,2,3,3,4,5,5,5,5,5,6,6,9,9,9,9,9,9,9,9,12,14,16,16,16,30,31,31,31,43,45,48,49,49,52,52,54,57,57,59,59,75,75,82,99,101,102,110,110,134,217,250,249,267,291,295,375,402,427,457,516,584,603,682,772,886,1042,1212,1401,1572,1811,2099,2300,2634,2912,3235,3448,3762,4086,4364,4614,5062,5335,5760,6211,6591,7177,7848,8274,8605,9026,9561,10099,10728,11162,11755,12309,12772,13248,13564
31,North Korea ,0,0,0,0,0,0,0,0,0,0,0,0,0,0,0,0,0,0,0,0,0,0,0,0,0,0,0,0,0,0,0,0,0,0,0,0,0,0,0,0,0,0,0,0,0,0,0,0,0,0,0,0,0,0,0,0,0,0,0,0,0,0,0,0,0,0,0,0,0,0,0,0,0,0,0,0,0,0,0,0,0,0,0,0,0,0,0,0,0,0,0,0,0,0,0,0,0,0,0,0,0,0,0,0,0,0,0,0,0,0,0,0,0,0,0,0,0,0,0,0,0,0,0,0,0,0,0,0,0,0,0,0,0,0,0,0,0,0,0,0,0,0,0,0,0,0,0,0,0,0,0,0,0,0,0,0,0,0,0,0,0
32,Oman,0,0,0,0,0,0,0,0,0,0,0,0,0,0,0,0,0,0,0,0,0,0,0,0,0,0,0,0,0,0,0,0,0,2,2,4,4,4,6,6,6,12,15,16,16,16,16,16,18,18,18,19,19,22,22,24,39,48,48,52,55,66,84,99,109,131,152,167,179,192,210,231,252,277,298,331,371,419,457,484,546,599,727,813,910,1019,1069,1180,1266,1410,1508,1614,1716,1790,1905,1998,2049,2131,2274,2348,2447,2483,2568,2637,2735,2903,2958,3112,3224,3399,3573,3721,4019,4341,4625,5029,5186,5379,5671,6043,6370,6794,7257,7770,7770,8118,8373,9009,9820,10423,11437,12223,12799,13537,14316,15086,16016,16882,17486,18198,18887,19954,21071,22077,23481,24524,25269,26079,26818,27670,28566,29471,31076,32394,33536,34902,36034,36953,38150,39060,40070
33,Pakistan,0,0,0,0,0,0,0,0,0,0,0,0,0,0,0,0,0,0,0,0,0,0,0,0,0,0,0,0,0,0,0,0,0,0,2,2,2,4,4,4,5,5,5,6,6,6,6,16,19,20,28,31,53,136,236,299,454,501,730,776,875,972,1063,1201,1373,1495,1597,1717,1938,2118,2421,2686,2818,3157,3766,4035,4263,4489,4695,5011,5230,5496,5837,6383,6919,7025,7638,8348,8418,9565,10076,11155,11940,12723,13328,13915,14612,15525,16817,18114,19103,20084,20941,22049,24073,24644,26435,28736,30334,32081,34336,35298,35788,38799,38799,40151,42125,43966,45898,48091,50694,52437,54601,56349,57705,59151,61227,64028,66457,69496,72460,76398,80463,85264,89249,93983,98943,103671,108317,113702,119536,125933,125933,132405,144478,148921,154760,160118,165062,171666,176617,181088,185034,188926,192970,195745,198883,202955,206512,209337,213470
34,Papua New Guinea,0,0,0,0,0,0,0,0,0,0,0,0,0,0,0,0,0,0,0,0,0,0,0,0,0,0,0,0,0,0,0,0,0,0,0,0,0,0,0,0,0,0,0,0,0,0,0,0,0,0,0,0,0,0,0,0,0,0,1,1,1,1,1,1,1,1,1,1,1,1,1,1,1,1,1,2,2,2,2,2,2,2,2,2,2,7,7,7,7,7,7,8,8,8,8,8,8,8,8,8,8,8,8,8,8,8,8,8,8,8,8,8,8,8,8,8,8,8,8,8,8,8,8,8,8,8,8,8,8,8,8,8,8,8,8,8,8,8,8,8,8,8,8,8,8,8,8,8,8,8,8,8,9,9,10,10,11,11,11,11,11
35,Philippines,0,0,0,0,0,0,0,0,1,1,1,2,2,2,2,2,3,3,3,3,3,3,3,3,3,3,3,3,3,3,3,3,3,3,3,3,3,3,3,3,3,3,3,3,5,6,10,20,33,49,52,64,111,140,142,187,202,217,230,307,380,462,552,636,707,803,1075,1418,1546,2084,2311,2633,3018,3094,3246,3660,3764,3870,4076,4195,4428,4648,4932,5223,5453,5660,5878,6087,6259,6459,6599,6710,6981,7192,7294,7579,7777,7958,8212,8488,8772,8928,9223,9485,9684,10004,10343,10463,10610,10794,11086,11350,11618,11876,12091,12305,12513,12718,12942,13221,13434,13597,13777,14035,14319,14669,15049,15588,16634,17224,18086,18638,18997,19748,20382,20626,21340,21895,22474,22992,23732,24175,24787,25392,25930,26420,26781,27238,27799,28459,29400,30052,30682,31825,32295,33069,34073,34803,35455,36438,37514
36,Qatar,0,0,0,0,0,0,0,0,0,0,0,0,0,0,0,0,0,0,0,0,0,0,0,0,0,0,0,0,0,0,0,0,0,0,0,0,0,0,1,3,3,7,8,8,8,8,15,18,24,262,262,320,337,401,439,439,452,460,470,481,494,501,526,537,549,562,590,634,693,781,835,949,1075,1325,1604,1832,2057,2210,2376,2512,2728,2979,3231,3428,3711,4103,4663,5008,5448,6015,6533,7141,7764,8525,9358,10287,11244,11921,12564,13409,14096,14872,15551,16191,17142,17972,18890,20201,21331,22520,23623,25149,26539,28272,29425,30972,32604,33969,35606,37097,38651,40481,42213,43714,45465,47207,48947,50914,52907,55262,56910,58433,60259,62160,63741,65495,67195,68790,70158,71879,73595,75071,76588,78416,79602,80876,82077,83174,84441,85462,86488,87369,88403,89579,90778,91838,92784,93663,94413,95106,96088
37,Russia,0,0,0,0,0,0,0,0,0,2,2,2,2,2,2,2,2,2,2,2,2,2,2,2,2,2,2,2,2,2,2,2,2,2,2,2,2,2,2,2,3,3,3,4,13,13,17,17,20,20,28,45,59,63,90,114,147,199,253,306,367,438,495,658,840,1036,1264,1534,1836,2337,2777,3548,4149,4731,5389,6343,7497,8672,10131,11917,13584,15770,18328,21102,24490,27938,32008,36793,42853,47121,52763,57999,62773,68622,74588,80949,87147,93558,99399,106498,114431,124054,134687,145268,155370,165929,177160,187859,198676,209688,221344,232243,242271,252245,262843,272043,281752,290678,299941,308705,317554,326448,335882,344481,353427,362342,370680,379051,387623,396575,405843,414328,423186,431715,440538,449256,458102,467073,476043,484630,493023,501800,510761,519458,528267,536484,544725,552549,560321,568292,576162,583879,591465,598878,606043,613148,619936,626779,633563,640246,646929
38,Saudi Arabia,0,0,0,0,0,0,0,0,0,0,0,0,0,0,0,0,0,0,0,0,0,0,0,0,0,0,0,0,0,0,0,0,0,0,0,0,0,0,0,0,1,1,1,5,5,5,11,15,20,21,45,86,103,103,118,171,171,274,344,392,511,562,767,900,1012,1104,1203,1299,1453,1563,1720,1885,2039,2179,2402,2605,2795,2932,3287,3651,4033,4462,4934,5369,5862,6380,7142,8274,9362,10484,11631,12772,13930,15102,16299,17522,18811,20077,21402,22753,24097,25459,27011,28656,30251,31938,33731,35432,37136,39048,41014,42925,44830,46869,49176,52016,54752,57345,59854,62545,65077,67719,70161,72560,74795,76726,78541,80185,81766,83384,85261,87142,89011,91182,93157,95748,98869,101914,105283,108571,112288,116021,119942,123308,127541,132048,136315,141234,145991,150292,154233,157612,161005,164144,167267,170639,174577,178504,182493,186436,190823
39,Singapore,0,1,3,3,4,5,7,7,10,13,16,18,18,24,28,28,30,33,40,45,47,50,58,67,72,75,77,81,84,84,85,85,89,89,91,93,93,93,102,106,108,110,110,117,130,138,150,150,160,178,178,200,212,226,243,266,313,345,385,432,455,509,558,631,683,732,802,844,879,926,1000,1049,1114,1189,1309,1375,1481,1623,1910,2108,2299,2532,2918,3252,3699,4427,5050,5992,6588,8014,9125,10141,11178,12075,12693,13624,14423,14951,15641,16169,17101,17548,18205,18778,19410,20198,20939,21707,22460,23336,23822,24671,25346,26098,26891,27356,28038,28343,28794,29364,29812,30426,31068,31616,31960,32343,32876,33249,33860,34366,34884,35292,35836,36405,36922,37183,37527,37910,38296,38514,38965,39387,39850,40197,40604,40818,40969,41216,41473,41615,41833,42095,42313,42432,42623,42736,42955,43246,43459,43661,43907
40,South Korea,1,1,2,2,3,4,4,4,4,11,12,15,15,16,19,23,24,24,25,27,28,28,28,28,28,29,30,31,31,104,204,433,602,833,977,1261,1766,2337,3150,3736,4335,5186,5621,6088,6593,7041,7314,7478,7513,7755,7869,7979,8086,8162,8236,8320,8413,8565,8652,8799,8961,8961,9037,9137,9241,9332,9478,9583,9661,9786,9887,9976,10062,10156,10237,10284,10331,10384,10423,10450,10480,10512,10537,10564,10591,10613,10635,10653,10661,10674,10683,10694,10708,10718,10728,10738,10752,10761,10765,10774,10780,10793,10801,10804,10806,10810,10822,10840,10874,10909,10936,10962,10991,11018,11037,11050,11065,11078,11110,11122,11142,11165,11190,11206,11225,11265,11344,11402,11441,11468,11503,11541,11590,11629,11668,11719,11776,11814,11852,11902,11947,12003,12051,12085,12121,12155,12198,12257,12306,12373,12421,12438,12484,12535,12563,12602,12653,12715,12757,12800,12850
41,Sri Lanka,0,0,0,0,0,1,1,1,1,1,1,1,1,1,1,1,1,1,1,1,1,1,1,1,1,1,1,1,1,1,1,1,1,1,1,1,1,1,1,1,1,1,1,1,1,1,1,1,1,2,2,6,10,18,28,44,51,60,73,77,82,97,102,102,106,106,113,117,122,143,146,151,159,166,176,178,185,189,190,190,198,210,217,233,238,238,244,254,271,304,310,330,368,420,460,523,588,619,649,663,690,705,718,751,771,797,824,835,847,863,869,889,915,925,935,960,981,992,1027,1028,1055,1068,1089,1141,1182,1319,1469,1530,1558,1620,1633,1643,1683,1749,1797,1801,1814,1835,1857,1859,1869,1877,1880,1884,1889,1905,1915,1924,1947,1950,1950,1950,1951,1991,2001,2010,2014,2033,2037,2039,2047
42,Syria,0,0,0,0,0,0,0,0,0,0,0,0,0,0,0,0,0,0,0,0,0,0,0,0,0,0,0,0,0,0,0,0,0,0,0,0,0,0,0,0,0,0,0,0,0,0,0,0,0,0,0,0,0,0,0,0,0,0,0,0,1,1,1,5,5,5,5,9,10,10,10,16,16,16,19,19,19,19,19,19,25,25,25,29,33,33,38,38,39,39,42,42,42,42,42,43,43,43,43,43,44,44,44,44,44,45,45,47,47,47,47,47,48,48,50,51,58,58,58,58,58,59,70,86,106,121,121,122,122,122,122,123,123,123,124,124,125,141,144,146,152,164,164,170,177,177,177,178,187,187,198,204,219,231,231,242,255,256,256,269,279
43,Tajikistan,0,0,0,0,0,0,0,0,0,0,0,0,0,0,0,0,0,0,0,0,0,0,0,0,0,0,0,0,0,0,0,0,0,0,0,0,0,0,0,0,0,0,0,0,0,0,0,0,0,0,0,0,0,0,0,0,0,0,0,0,0,0,0,0,0,0,0,0,0,0,0,0,0,0,0,0,0,0,0,0,0,0,0,0,0,0,0,0,0,0,0,0,0,0,0,0,0,0,0,15,15,76,128,230,293,379,461,522,612,612,661,729,801,907,1118,1322,1524,1729,1936,2140,2350,2551,2738,2929,3100,3266,3424,3563,3686,3807,3930,4013,4100,4191,4289,4370,4453,4529,4609,4690,4763,4834,4902,4971,5035,5097,5160,5221,5279,5338,5399,5457,5513,5567,5630,5691,5747,5799,5849,5900,5900
44,Thailand,2,3,5,7,8,8,14,14,14,19,19,19,19,25,25,25,25,32,32,32,33,33,33,33,33,34,35,35,35,35,35,35,35,35,37,40,40,41,42,42,43,43,43,47,48,50,50,50,53,59,70,75,82,114,147,177,212,272,322,411,599,721,827,934,1045,1136,1245,1388,1524,1651,1771,1875,1978,2067,2169,2220,2258,2369,2423,2473,2518,2551,2579,2613,2643,2672,2700,2733,2765,2792,2811,2826,2839,2907,2907,2922,2931,2938,2947,2954,2960,2966,2969,2987,2988,2989,2992,3000,3004,3009,3015,3017,3017,3018,3025,3025,3028,3031,3033,3034,3037,3037,3040,3040,3042,3045,3054,3065,3076,3077,3081,3082,3083,3084,3101,3102,3104,3112,3119,3121,3125,3125,3129,3134,3135,3135,3135,3135,3141,3146,3147,3148,3151,3156,3158,3158,3162,3162,3162,3169,3171
45,Turkey,0,0,0,0,0,0,0,0,0,0,0,0,0,0,0,0,0,0,0,0,0,0,0,0,0,0,0,0,0,0,0,0,0,0,0,0,0,0,0,0,0,0,0,0,0,0,0,0,0,1,1,5,5,6,18,47,98,192,359,670,1236,1529,1872,2433,3629,5698,7402,9217,10827,13531,15679,18135,20921,23934,27069,30217,34109,38226,42282,47029,52167,56956,61049,65111,69392,74193,78546,82329,86306,90980,95591,98674,101790,104912,107773,110130,112261,114653,117589,120204,122392,124375,126045,127659,129491,131744,133721,135569,137115,138657,139771,141475,143114,144749,146457,148067,149435,150593,151615,152587,153548,154500,155686,156827,157814,158762,159797,160979,162120,163103,163942,164769,165555,166422,167410,168340,169218,170132,171121,172114,173036,174023,175218,176677,178239,179831,181298,182727,184031,185245,186493,187685,188897,190165,191657,193115,194511,195883,197239,198613,199906
46,Turkmenistan,0,0,0,0,0,0,0,0,0,0,0,0,0,0,0,0,0,0,0,0,0,0,0,0,0,0,0,0,0,0,0,0,0,0,0,0,0,0,0,0,0,0,0,0,0,0,0,0,0,0,0,0,0,0,0,0,0,0,0,0,0,0,0,0,0,0,0,0,0,0,0,0,0,0,0,0,0,0,0,0,0,0,0,0,0,0,0,0,0,0,0,0,0,0,0,0,0,0,0,0,0,0,0,0,0,0,0,0,0,0,0,0,0,0,0,0,0,0,0,0,0,0,0,0,0,0,0,0,0,0,0,0,0,0,0,0,0,0,0,0,0,0,0,0,0,0,0,0,0,0,0,0,0,0,0,0,0,0,0,0,0
47,United Arab Emirates,0,0,0,0,0,0,0,4,4,4,4,5,5,5,5,5,5,7,7,8,8,8,8,8,8,9,9,9,9,9,9,13,13,13,13,13,13,19,21,21,21,27,27,29,29,45,45,45,74,74,85,85,85,98,98,98,113,140,140,153,153,198,248,333,333,405,468,570,611,664,814,1024,1264,1505,1799,2076,2359,2659,2990,3360,3736,4123,4521,4933,5365,5825,6302,6302,6781,7265,7755,8238,8756,9281,9813,10349,10839,11380,11929,12481,13038,13599,14163,14730,15192,15738,16240,16793,17417,18198,18878,19661,20386,21084,21831,22627,23358,24190,25063,26004,26898,27892,28704,29485,30307,31086,31969,32532,33170,33896,34557,35192,35788,36359,37018,37642,38268,38808,39376,39904,40507,40986,41499,41990,42294,42636,42982,43364,43752,44145,44533,44925,45303,45683,46133,46563,46973,47360,47797,48246,48667
48,Uzbekistan,0,0,0,0,0,0,0,0,0,0,0,0,0,0,0,0,0,0,0,0,0,0,0,0,0,0,0,0,0,0,0,0,0,0,0,0,0,0,0,0,0,0,0,0,0,0,0,0,0,0,0,0,0,1,6,10,15,23,33,43,43,46,50,60,75,88,104,144,149,172,181,205,227,266,342,457,520,545,582,624,767,865,998,1165,1302,1349,1405,1490,1565,1627,1678,1716,1758,1804,1862,1869,1904,1939,2002,2039,2086,2118,2149,2189,2207,2233,2298,2325,2349,2418,2486,2519,2612,2645,2686,2738,2753,2791,2855,2939,2964,3028,3115,3164,3189,3290,3369,3444,3468,3546,3623,3702,3760,3843,3939,4007,4094,4331,4440,4520,4623,4741,4869,4966,5080,5263,5493,5682,5767,5946,6153,6315,6461,6662,6990,7177,7427,7682,7948,8222,8503
49,Vietnam,0,2,2,2,2,2,2,2,2,2,6,6,8,8,8,10,10,13,13,14,15,15,16,16,16,16,16,16,16,16,16,16,16,16,16,16,16,16,16,16,16,16,16,16,16,18,30,30,31,38,39,47,53,56,61,66,75,85,91,94,113,123,134,141,153,163,174,188,203,212,218,233,237,240,241,245,249,251,255,257,258,262,265,266,267,268,268,268,268,268,268,268,268,270,270,270,270,270,270,270,270,270,271,271,271,271,288,288,288,288,288,288,288,312,314,318,320,324,324,324,324,324,325,325,326,327,327,327,328,328,328,328,328,328,328,328,329,331,332,332,332,332,333,334,334,334,334,335,342,349,349,349,349,349,352,352,353,355,355,355,355
50,West Bank and Gaza,0,0,0,0,0,0,0,0,0,0,0,0,0,0,0,0,0,0,0,0,0,0,0,0,0,0,0,0,0,0,0,0,0,0,0,0,0,0,0,0,0,0,0,4,7,16,16,19,26,30,30,31,35,38,38,39,41,44,47,48,52,59,59,59,84,91,98,109,116,119,134,161,194,217,237,254,261,263,263,267,268,271,273,284,291,294,307,313,319,329,329,335,336,340,342,342,342,343,344,344,353,353,353,362,371,374,375,375,375,375,375,375,375,375,375,376,381,388,391,398,423,423,423,423,423,429,434,446,446,447,448,449,451,457,464,464,464,472,473,481,485,487,489,489,492,505,514,555,600,675,784,833,1001,1169,1328,1382,1557,1815,1990,2185,2428
51,Yemen,0,0,0,0,0,0,0,0,0,0,0,0,0,0,0,0,0,0,0,0,0,0,0,0,0,0,0,0,0,0,0,0,0,0,0,0,0,0,0,0,0,0,0,0,0,0,0,0,0,0,0,0,0,0,0,0,0,0,0,0,0,0,0,0,0,0,0,0,0,0,0,0,0,0,0,0,0,0,0,1,1,1,1,1,1,1,1,1,1,1,1,1,1,1,1,1,1,1,6,6,7,10,10,12,22,25,25,34,34,51,56,65,70,85,106,122,128,130,167,184,197,209,212,222,233,249,256,278,283,310,323,354,399,419,453,469,482,484,496,524,560,591,632,705,728,844,885,902,909,919,922,941,967,992,1015,1076,1089,1103,1118,1128,1158
